Author,Title,Word-count,File
Adamnan Saint 625?-704,De Locis Santis,13265,lemmatized/xml/urn:cts:latinLit:stoa0007.stoa002.opp-lat1.xml
Adnotationes super Lucanum,Adnotationes super Lucanum,84769,lemmatized/xml/urn:cts:latinLit:stoa0357c.stoa001.digilibLT-lat1.xml
Adnotationes super Lucanum,Adnotationes super Lucanum: supplementum,195108,lemmatized/xml/urn:cts:latinLit:stoa0357c.stoa002.digilibLT-lat1.xml
Adnotationes super Lucanum,Commenta Bernensia in Lucanum,77475,lemmatized/xml/urn:cts:latinLit:stoa0357c.stoa004.digilibLT-lat1.xml
Agennius Vrbicus,Commentum de agrorum qualitate,1801,lemmatized/xml/urn:cts:latinLit:stoa0012a.stoa002.digilibLT-lat1.xml
Agennius Vrbicus,Commentum de controuersiis,3745,lemmatized/xml/urn:cts:latinLit:stoa0012a.stoa003.digilibLT-lat1.xml
Agennius Vrbicus,De controuersiis agrorum,6853,lemmatized/xml/urn:cts:latinLit:stoa0012a.stoa001.digilibLT-lat1.xml
Agroecius,Ars de orthographia,3188,lemmatized/xml/urn:cts:latinLit:stoa0013c.stoa001.digilibLT-lat1.xml
Altercatio Hadriani Augusti et Epicteti Philosophi,Altercatio Hadriani Augusti et Epicteti Philosophi,1220,lemmatized/xml/urn:cts:latinLit:phi1500.phi001.digilibLT-lat1.xml
"Ambrose, Saint, Bishop of Milan",De lapsu virginis consecratae,5283,lemmatized/xml/urn:cts:latinLit:stoa0022.stoa036.corpuscorporum-lat1.xml
"Ambrose, Saint, Bishop of Milan",Hexaëmeron,63530,lemmatized/xml/urn:cts:latinLit:stoa0022.stoa054.corpuscorporum-lat1.xml
Ammianus Marcellinus,Rerum gestarum libri qui supersunt,141292,lemmatized/xml/urn:cts:latinLit:stoa0023.stoa001.digilibLT-lat1.xml
Ammianus Marcellinus,Res Gestae,156804,lemmatized/xml/urn:cts:latinLit:stoa0023.stoa001.perseus-lat2.xml
Anecdotum Medicum,Anecdotum Medicum,3786,lemmatized/xml/urn:cts:latinLit:dlt000006.001.csl-lat1.xml
Anonymous pilgrim of Piacenza,Itinerarium,7110,lemmatized/xml/urn:cts:latinLit:stoa0028e.stoa001.opp-lat1.xml
Anonymous pilgrim of Piacenza,Itinerarium,6788,lemmatized/xml/urn:cts:latinLit:stoa0028e.stoa001.opp-lat2.xml
Anonymous,Breviarius de Hierosolyma,639,lemmatized/xml/urn:cts:latinLit:stoa0329c.stoa001.opp-lat1.xml
Anonymous,Epitaphium Ennodii,135,lemmatized/xml/urn:cts:latinLit:phi9500.phi035.opp-lat1.xml
Anonymous,Itinerarium Hierosolymitanum‏,4324,lemmatized/xml/urn:cts:latinLit:stoa0329.stoa001.digilibLT-lat1.xml
Anonymous,Itinerarium Hierosolymitanum‏,13831,lemmatized/xml/urn:cts:latinLit:stoa0329.stoa001.opp-lat1.xml
Anthologia Latina,Anthologia Latina,72207,lemmatized/xml/urn:cts:latinLit:anthoLat.anthoLat.musisquedeoque-lat1.xml
Anthologia Latina,Anthologia Latina - Seneca Epigrammata,4804,lemmatized/xml/urn:cts:latinLit:anthoLat.phi1017.musisquedeoque-lat1.xml
Apicius,Appendicula.,4006,lemmatized/xml/urn:cts:latinLit:phi2003.phi004.opp-lat1.xml
Apicius,Brevis Ciborum. Excerpta.,1472,lemmatized/xml/urn:cts:latinLit:phi2003.phi002.opp-lat2.xml
Apicius,Brevis Pimentorum. Excerpta.,195,lemmatized/xml/urn:cts:latinLit:phi2003.phi003.opp-lat2.xml
Apicius,De Re Coquinaria,20241,lemmatized/xml/urn:cts:latinLit:phi2003.phi001.opp-lat3.xml
Apicius,De re coquinaria,20428,lemmatized/xml/urn:cts:latinLit:stoa0029.stoa001.digilibLT-lat1.xml
"Appendix Vergiliana, Lydia.","Appendix Vergiliana, Lydia - Dirae",1488,lemmatized/xml/urn:cts:latinLit:phi0692.phi002.remacle-lat1.xml
Appendix Vergiliana,Aetna,5069,lemmatized/xml/urn:cts:latinLit:stoa0297.stoa001.thayer-lat1.xml
Apuleius,Florida,9292,lemmatized/xml/urn:cts:latinLit:phi1212.phi003.perseus-lat2.xml
Apuleius,Metamorphoses,62139,lemmatized/xml/urn:cts:latinLit:phi1212.phi002.perseus-lat1.xml
Apuleius,Pro Se De Magia Liber,26039,lemmatized/xml/urn:cts:latinLit:phi1212.phi001.perseus-lat1.xml
Aquila Romanus,De figuris,5378,lemmatized/xml/urn:cts:latinLit:stoa0030b.stoa001.digilibLT-lat1.xml
Arnobius of Sicca,Arnobii adversus nationes Libri VII,76807,lemmatized/xml/urn:cts:latinLit:stoa0034.stoa001.opp-lat1.xml
Arusianus Messius,Exempla elocutionum,21942,lemmatized/xml/urn:cts:latinLit:stoa0035a.stoa001.digilibLT-lat1.xml
Asclepius,Asclepius,10366,lemmatized/xml/urn:cts:latinLit:stoa0030.stoa008.digilibLT-lat1.xml
Asper (Aemilius Asper?),σχήματα λόγου,752,lemmatized/xml/urn:cts:latinLit:phi1363.phi002.digilibLT-lat1.xml
Audax,Excerpta de Scauro et Palladio,13061,lemmatized/xml/urn:cts:latinLit:stoa0039c.stoa001.digilibLT-lat1.xml
Augustine,Adnotationes in Iob,31637,lemmatized/xml/urn:cts:latinLit:stoa0040.stoa001a.opp-lat1.xml
Augustine,Breviculus Collationis cum Donatistis,16127,lemmatized/xml/urn:cts:latinLit:stoa0040.stoa014a.opp-lat1.xml
Augustine,Commonitorium,984,lemmatized/xml/urn:cts:latinLit:stoa0040.stoa015b.opp-lat1.xml
Augustine,Confessiones,94130,lemmatized/xml/urn:cts:latinLit:stoa0040.stoa001.opp-lat1.xml
Augustine,Contra Academicos,26509,lemmatized/xml/urn:cts:latinLit:stoa0040.stoa016.opp-lat1.xml
Augustine,Contra Adimantum,20532,lemmatized/xml/urn:cts:latinLit:stoa0040.stoa017.opp-lat1.xml
Augustine,Contra Cresconium,67947,lemmatized/xml/urn:cts:latinLit:stoa0040.stoa019.opp-lat1.xml
Augustine,Contra Duas Epistulas Pelegianorum,40263,lemmatized/xml/urn:cts:latinLit:stoa0040.stoa021.opp-lat1.xml
Augustine,Contra Epistulam Parmeniani,32601,lemmatized/xml/urn:cts:latinLit:stoa0040.stoa023.opp-lat1.xml
Augustine,Contra Faustum,148689,lemmatized/xml/urn:cts:latinLit:stoa0040.stoa024.opp-lat1.xml
Augustine,Contra Felicem,16256,lemmatized/xml/urn:cts:latinLit:stoa0040.stoa031a.opp-lat1.xml
Augustine,Contra Fortunatum,7870,lemmatized/xml/urn:cts:latinLit:stoa0040.stoa024b.opp-lat1.xml
Augustine,Contra Gaudentium Donatistarum Episcopum,22430,lemmatized/xml/urn:cts:latinLit:stoa0040.stoa025.opp-lat1.xml
Augustine,Contra Litteras Petiliani,67689,lemmatized/xml/urn:cts:latinLit:stoa0040.stoa027.opp-lat1.xml
Augustine,Contra Mendacium,14231,lemmatized/xml/urn:cts:latinLit:stoa0040.stoa029.opp-lat1.xml
Augustine,Contra Partem Donati Post Gesta,17715,lemmatized/xml/urn:cts:latinLit:stoa0040.stoa029a.opp-lat1.xml
Augustine,Contra Secundinum,12310,lemmatized/xml/urn:cts:latinLit:stoa0040.stoa031.opp-lat1.xml
Augustine,Contra epistulam fundamenti,15596,lemmatized/xml/urn:cts:latinLit:stoa0040.stoa021a.opp-lat1.xml
Augustine,De Baptismo,60808,lemmatized/xml/urn:cts:latinLit:stoa0040.stoa033a.opp-lat1.xml
Augustine,De Beata Vita,9151,lemmatized/xml/urn:cts:latinLit:stoa0040.stoa034.opp-lat1.xml
Augustine,De Bono Viduitatis,9095,lemmatized/xml/urn:cts:latinLit:stoa0040.stoa035a.opp-lat1.xml
Augustine,De Conjugiis Adulterinis,16429,lemmatized/xml/urn:cts:latinLit:stoa0040.stoa036.opp-lat1.xml
Augustine,De Consensu Evangelistarum,92010,lemmatized/xml/urn:cts:latinLit:stoa0040.stoa037.opp-lat1.xml
Augustine,De Continentia,10496,lemmatized/xml/urn:cts:latinLit:stoa0040.stoa037a.opp-lat1.xml
Augustine,De Cura pro Mortuis Gerenda ad Paulinum Episcopum,7947,lemmatized/xml/urn:cts:latinLit:stoa0040.stoa037c.opp-lat1.xml
Augustine,De Fide et Operibus,14706,lemmatized/xml/urn:cts:latinLit:stoa0040.stoa041.opp-lat1.xml
Augustine,De Fide et Symbolo,6914,lemmatized/xml/urn:cts:latinLit:stoa0040.stoa006.opp-lat1.xml
Augustine,De Genesi Ad Litteram,114323,lemmatized/xml/urn:cts:latinLit:stoa0040.stoa042a.opp-lat1.xml
Augustine,De Genesi Ad Litteram Imperfectus Liber,12351,lemmatized/xml/urn:cts:latinLit:stoa0040.stoa042.opp-lat1.xml
Augustine,De Gestis Pelagii,18581,lemmatized/xml/urn:cts:latinLit:stoa0040.stoa044.opp-lat1.xml
Augustine,De Gratia Christi,12181,lemmatized/xml/urn:cts:latinLit:stoa0040.stoa046.opp-lat1.xml
Augustine,De Mendacio,14257,lemmatized/xml/urn:cts:latinLit:stoa0040.stoa050.opp-lat1.xml
Augustine,De Natura Boni,9513,lemmatized/xml/urn:cts:latinLit:stoa0040.stoa053.opp-lat1.xml
Augustine,De Natura et Gratia,3588,lemmatized/xml/urn:cts:latinLit:stoa0040.stoa054.opp-lat2.xml
Augustine,De Natura et Gratia,20145,lemmatized/xml/urn:cts:latinLit:stoa0040.stoa054.opp-lat1.xml
Augustine,De Natura et Origine Animae,36389,lemmatized/xml/urn:cts:latinLit:stoa0040.stoa033.opp-lat1.xml
Augustine,De Nuptiis et Concupiscentia,28276,lemmatized/xml/urn:cts:latinLit:stoa0040.stoa056a.opp-lat1.xml
Augustine,De Opere Monachorum,14879,lemmatized/xml/urn:cts:latinLit:stoa0040.stoa055.opp-lat1.xml
Augustine,De Ordine,21763,lemmatized/xml/urn:cts:latinLit:stoa0040.stoa056.opp-lat1.xml
Augustine,De Patientia,6277,lemmatized/xml/urn:cts:latinLit:stoa0040.stoa056b.opp-lat1.xml
Augustine,De Peccato Originali,11149,lemmatized/xml/urn:cts:latinLit:stoa0040.stoa056c.opp-lat1.xml
Augustine,De Peccatorum Meritis et Remissione et de Baptismo Parvulorum,41430,lemmatized/xml/urn:cts:latinLit:stoa0040.stoa057.opp-lat1.xml
Augustine,De Perfectione Iustitiae Hominis,12086,lemmatized/xml/urn:cts:latinLit:stoa0040.stoa057a.opp-lat1.xml
Augustine,De Sancta Virginitate,14741,lemmatized/xml/urn:cts:latinLit:stoa0040.stoa060.opp-lat1.xml
Augustine,De Spiritu et Littera,21324,lemmatized/xml/urn:cts:latinLit:stoa0040.stoa062.opp-lat1.xml
Augustine,De Utilitate Credendi,12981,lemmatized/xml/urn:cts:latinLit:stoa0040.stoa064.opp-lat1.xml
Augustine,De agone christiano,8794,lemmatized/xml/urn:cts:latinLit:stoa0040.stoa032.opp-lat1.xml
Augustine,De bono coniugali,10472,lemmatized/xml/urn:cts:latinLit:stoa0040.stoa035.opp-lat1.xml
Augustine,De civitate dei,182660,lemmatized/xml/urn:cts:latinLit:stoa0040.stoa003.opp-lat4.xml
Augustine,De civitate dei,166176,lemmatized/xml/urn:cts:latinLit:stoa0040.stoa003.opp-lat3.xml
Augustine,De diuinatione daemonum,4267,lemmatized/xml/urn:cts:latinLit:stoa0040.stoa038a.opp-lat1.xml
Augustine,De rhetorica,5197,lemmatized/xml/urn:cts:latinLit:stoa0040.stoa0071.digilibLT-lat1.xml
Augustine,Du Duabus Animabus,7911,lemmatized/xml/urn:cts:latinLit:stoa0040.stoa040.opp-lat1.xml
Augustine,Epistula ad Catholicos de Secta Donatistarum,26179,lemmatized/xml/urn:cts:latinLit:stoa0040.stoa020.opp-lat1.xml
Augustine,Epistulae,144837,lemmatized/xml/urn:cts:latinLit:stoa0040.stoa011.opp-lat4.xml
Augustine,Epistulae,187241,lemmatized/xml/urn:cts:latinLit:stoa0040.stoa011.opp-lat2.xml
Augustine,Epistulae,155082,lemmatized/xml/urn:cts:latinLit:stoa0040.stoa011.opp-lat3.xml
Augustine,Gesta cum Emerito Donatistarum Episcopum,4341,lemmatized/xml/urn:cts:latinLit:stoa0040.stoa066c.opp-lat1.xml
Augustine,Libellus Adversus Fulgentium Donatistam,6407,lemmatized/xml/urn:cts:latinLit:stoa0040.stoa070a.opp-lat1.xml
Augustine,Liber de Divinis Scripturis sive Speculum quod fertur S. Augustini,62200,lemmatized/xml/urn:cts:latinLit:stoa0040.stoa080a.opp-lat1.xml
Augustine,Liber de Unico Baptismo,8091,lemmatized/xml/urn:cts:latinLit:stoa0040.stoa063.opp-lat1.xml
Augustine,Liber qui appellatur Speculum,73533,lemmatized/xml/urn:cts:latinLit:stoa0040.stoa080.opp-lat1.xml
Augustine,Locutiones in Heptateuchum,28455,lemmatized/xml/urn:cts:latinLit:stoa0040.stoa070.opp-lat1.xml
Augustine,Psalmus Contra Partem Donati,2933,lemmatized/xml/urn:cts:latinLit:stoa0040.stoa072.opp-lat1.xml
Augustine,Quaestiones in Heptateuchum,134871,lemmatized/xml/urn:cts:latinLit:stoa0040.stoa074.opp-lat1.xml
Augustine,Retractationum,33904,lemmatized/xml/urn:cts:latinLit:stoa0040.stoa077.opp-lat1.xml
Augustine,Sermo ad Caesariensis Ecclesiae Plebem,3762,lemmatized/xml/urn:cts:latinLit:stoa0040.stoa077c.opp-lat1.xml
Augustine,Sermo de Rusticiano subdiacono,1802,lemmatized/xml/urn:cts:latinLit:stoa0040.stoa077d.opp-lat1.xml
Augustini Ars Breuiata,Augustini Ars Breuiata,9494,lemmatized/xml/urn:cts:latinLit:stoa0040a.stoa004.digilibLT-lat1.xml
Aurelius Victor Ps.,Epitome de Caesaribus,10931,lemmatized/xml/urn:cts:latinLit:stoa0044.stoa003.digilibLT-lat1.xml
Aurelius Victor Ps.,Liber de uiris illustribus urbis Romae,10962,lemmatized/xml/urn:cts:latinLit:stoa0044.stoa002.digilibLT-lat1.xml
Aurelius Victor Ps.,Origo gentis Romanae,5214,lemmatized/xml/urn:cts:latinLit:stoa0044.stoa001.digilibLT-lat1.xml
"Ausonius, Decimus Magnus",Bissula,470,lemmatized/xml/urn:cts:latinLit:stoa0045.stoa001.perseus-lat2.xml
"Ausonius, Decimus Magnus",Caesares,1052,lemmatized/xml/urn:cts:latinLit:stoa0045.stoa002.perseus-lat2.xml
"Ausonius, Decimus Magnus",Cento Nuptialis,1957,lemmatized/xml/urn:cts:latinLit:stoa0045.stoa003.perseus-lat2.xml
"Ausonius, Decimus Magnus",Cento nuptialis: epistula praef.,558,lemmatized/xml/urn:cts:latinLit:stoa0045.stoa003a.digilibLT-lat1.xml
"Ausonius, Decimus Magnus",Commemoratio Professorum Burdigalensium,3270,lemmatized/xml/urn:cts:latinLit:stoa0045.stoa004.perseus-lat2.xml
"Ausonius, Decimus Magnus",Cupido Cruciatus,866,lemmatized/xml/urn:cts:latinLit:stoa0045.stoa005.perseus-lat2.xml
"Ausonius, Decimus Magnus",De Herediolo,305,lemmatized/xml/urn:cts:latinLit:stoa0045.stoa006.perseus-lat2.xml
"Ausonius, Decimus Magnus",Eclogarum Liber,3341,lemmatized/xml/urn:cts:latinLit:stoa0045.stoa007.perseus-lat2.xml
"Ausonius, Decimus Magnus",Ephemeris,1598,lemmatized/xml/urn:cts:latinLit:stoa0045.stoa008.perseus-lat2.xml
"Ausonius, Decimus Magnus",Epicedion in Patrem,613,lemmatized/xml/urn:cts:latinLit:stoa0045.stoa009.perseus-lat2.xml
"Ausonius, Decimus Magnus",Epigrammaton Liber,4844,lemmatized/xml/urn:cts:latinLit:stoa0045.stoa010.perseus-lat2.xml
"Ausonius, Decimus Magnus",Epistulae,12696,lemmatized/xml/urn:cts:latinLit:stoa0045.stoa011.perseus-lat2.xml
"Ausonius, Decimus Magnus",Epistulae,8689,lemmatized/xml/urn:cts:latinLit:stoa0045.stoa011.digilibLT-lat1.xml
"Ausonius, Decimus Magnus",Epitaphia,1512,lemmatized/xml/urn:cts:latinLit:stoa0045.stoa012.perseus-lat2.xml
"Ausonius, Decimus Magnus",Genethliacon ad Ausonium Nepotem,207,lemmatized/xml/urn:cts:latinLit:stoa0045.stoa013.perseus-lat2.xml
"Ausonius, Decimus Magnus",Gratiarum Actio,5090,lemmatized/xml/urn:cts:latinLit:stoa0045.stoa014.digilibLT-lat1.xml
"Ausonius, Decimus Magnus",Gratiarum Actio,5105,lemmatized/xml/urn:cts:latinLit:stoa0045.stoa014.perseus-lat2.xml
"Ausonius, Decimus Magnus",Griphus Ternarii Numeri,1333,lemmatized/xml/urn:cts:latinLit:stoa0045.stoa015.perseus-lat2.xml
"Ausonius, Decimus Magnus",Liber Protrepticus ad Nepotem,986,lemmatized/xml/urn:cts:latinLit:stoa0045.stoa016.perseus-lat2.xml
"Ausonius, Decimus Magnus",Ludus Septem Sapientum,1733,lemmatized/xml/urn:cts:latinLit:stoa0045.stoa018.perseus-lat2.xml
"Ausonius, Decimus Magnus",Mosella,3893,lemmatized/xml/urn:cts:latinLit:stoa0045.stoa019.perseus-lat2.xml
"Ausonius, Decimus Magnus",Oratio Versibus Rhopalicis,268,lemmatized/xml/urn:cts:latinLit:stoa0045.stoa020.perseus-lat2.xml
"Ausonius, Decimus Magnus",Ordo Urbium Nobilium,1295,lemmatized/xml/urn:cts:latinLit:stoa0045.stoa021.perseus-lat2.xml
"Ausonius, Decimus Magnus",Parentalia,3197,lemmatized/xml/urn:cts:latinLit:stoa0045.stoa022.perseus-lat2.xml
"Ausonius, Decimus Magnus",Praefatiunculae,673,lemmatized/xml/urn:cts:latinLit:stoa0045.stoa025.perseus-lat2.xml
"Ausonius, Decimus Magnus",Precationes,587,lemmatized/xml/urn:cts:latinLit:stoa0045.stoa026.perseus-lat2.xml
"Ausonius, Decimus Magnus",Technopaegnion,1859,lemmatized/xml/urn:cts:latinLit:stoa0045.stoa028.perseus-lat2.xml
"Ausonius, Decimus Magnus",Versus Paschales Prosodic,240,lemmatized/xml/urn:cts:latinLit:stoa0045.stoa027.perseus-lat2.xml
"Ausonius, Decimus Magnus",[Libri de Fastis] Conclusio,181,lemmatized/xml/urn:cts:latinLit:stoa0045.stoa017.perseus-lat2.xml
"Bede the Venerable, Saint 673-735",De Locis Santis,4477,lemmatized/xml/urn:cts:latinLit:stoa0054.stoa001a.opp-lat1.xml
Boethius d. 524,Commentaria in Porphyrium A Se Translatum,31415,lemmatized/xml/urn:cts:latinLit:stoa0058.stoa007.opp-lat2.xml
Boethius d. 524,Commentaria in Porphyrium A Se Translatum,44573,lemmatized/xml/urn:cts:latinLit:stoa0058.stoa007.opp-lat3.xml
Boethius d. 524,De Fide Catholica,2186,lemmatized/xml/urn:cts:latinLit:stoa0058.stoa006.perseus-lat1.xml
Boethius d. 524,De consolatione philosophiae,29067,lemmatized/xml/urn:cts:latinLit:stoa0058.stoa001.perseus-lat2.xml
Boethius d. 524,De consolatione philosophiae,30954,lemmatized/xml/urn:cts:latinLit:stoa0058.stoa001.opp-lat3.xml
Boethius d. 524,Liber De Persona et Duabus Naturis Contra Eutychen Et Nestorium,6783,lemmatized/xml/urn:cts:latinLit:stoa0058.stoa023.perseus-lat1.xml
Boethius d. 524,Quomodo Substantiae in Eo Quod Sint Bonae Sint Cum Non Sint Substantialia Bona,1592,lemmatized/xml/urn:cts:latinLit:stoa0058.stoa003.perseus-lat1.xml
Boethius d. 524,Quomodo Trinitas Unus Deus Ac Non Tres Dii (De Trinitate),3349,lemmatized/xml/urn:cts:latinLit:stoa0058.stoa025.perseus-lat1.xml
Boethius d. 524,Utrum Pater Et Filius Ac Spiritus Sanctus De Divinitate Substantialiter Praedicentur Liber,611,lemmatized/xml/urn:cts:latinLit:stoa0058.stoa028.perseus-lat1.xml
Boethius,In categorias Aristotelis commentarius,10993,lemmatized/xml/urn:cts:latinLit:stoa0058.stoa021.digilibLT-lat1.xml
Caelius Aurelianus,Celerum passionum libri III,60141,lemmatized/xml/urn:cts:latinLit:stoa0041a.stoa001.digilibLT-lat1.xml
Caelius Aurelianus,De salutaribus praeceptis,2936,lemmatized/xml/urn:cts:latinLit:stoa0041a.stoa003.digilibLT-lat1.xml
Caelius Aurelianus,De speciali significatione diaeticarum passionum,6446,lemmatized/xml/urn:cts:latinLit:stoa0041a.stoa004.digilibLT-lat1.xml
Caelius Aurelianus,Gynaeciorum Sorani e graeco uersorum et retractatorum quae exstant,32525,lemmatized/xml/urn:cts:latinLit:stoa0041a.stoa005.digilibLT-lat1.xml
Caelius Aurelianus,Tardarum passionum libri V,78461,lemmatized/xml/urn:cts:latinLit:stoa0041a.stoa002.digilibLT-lat1.xml
"Caesar, Julius",De Bello Civili,37978,lemmatized/xml/urn:cts:latinLit:phi0448.phi002.perseus-lat2.xml
"Caesar, Julius",De Bello Gallico,60040,lemmatized/xml/urn:cts:latinLit:phi0448.phi001.perseus-lat2.xml
Caius Iulius Hyginus,Fabvlae,32092,lemmatized/xml/urn:cts:latinLit:phi1263.phi001.corpuscorporum-lat1.xml
Calpurnius Flaccus,Declamationum excerpta,8491,lemmatized/xml/urn:cts:latinLit:stoa0072.stoa001.digilibLT-lat1.xml
Calpurnius Siculus,Eclogues,6167,lemmatized/xml/urn:cts:latinLit:phi0830.phi001.thayer-lat1.xml
"Cassian, John ca. 360-ca. 435",Conlationes Patrum (Collationibus)-Selections,162611,lemmatized/xml/urn:cts:latinLit:stoa0076c.stoa001.opp-lat2.xml
"Cassian, John ca. 360-ca. 435",De Incarnatione Domini Contra Nestorum,46018,lemmatized/xml/urn:cts:latinLit:stoa0076c.stoa003.opp-lat1.xml
"Cassian, John ca. 360-ca. 435",Institutiones,54962,lemmatized/xml/urn:cts:latinLit:stoa0076c.stoa002.opp-lat2.xml
Cassiodorus,"Anecdoton Holderi quod dicitur, scilicet excerpta ex Cassiodori libello de ordine generis Cassiodororum",233,lemmatized/xml/urn:cts:latinLit:stoa0077.stoa024.digilibLT-lat1.xml
Cassiodorus,Chronica,16362,lemmatized/xml/urn:cts:latinLit:stoa0077.stoa006.digilibLT-lat1.xml
Cassiodorus,De orthographia,18878,lemmatized/xml/urn:cts:latinLit:stoa0077.stoa016.digilibLT-lat1.xml
Cassiodorus,Institutiones,33349,lemmatized/xml/urn:cts:latinLit:stoa0077.stoa003.digilibLT-lat1.xml
Cassius Felix,De medicina,33933,lemmatized/xml/urn:cts:latinLit:stoa0077a.stoa001.digilibLT-lat1.xml
Catholic Church Pope,Epistulae imperatorum pontificum aliorum,108698,lemmatized/xml/urn:cts:latinLit:stoa0045a.stoa001.opp-lat1.xml
Catholic Church Pope,Epistulae imperatorum pontificum aliorum,69568,lemmatized/xml/urn:cts:latinLit:stoa0045a.stoa001.opp-lat2.xml
Cato,De Agricultura,19788,lemmatized/xml/urn:cts:latinLit:phi0022.phi001.thayer-lat1.xml
Catullus,Carmina,15647,lemmatized/xml/urn:cts:latinLit:phi0472.phi001.perseus-lat2.xml
"Celsus, Aulus Cornelius",De Medicina,129142,lemmatized/xml/urn:cts:latinLit:phi0836.phi002.perseus-lat6.xml
"Celsus, Aulus Cornelius",De Medicina,128079,lemmatized/xml/urn:cts:latinLit:phi0836.phi002.perseus-lat4.xml
"Celsus, Aulus Cornelius",De Medicina,133429,lemmatized/xml/urn:cts:latinLit:phi0836.phi002.perseus-lat5.xml
Cicero,Academica,5587,lemmatized/xml/urn:cts:latinLit:phi0474.phi045.perseus-lat1.xml
Cicero,Against Catiline,14745,lemmatized/xml/urn:cts:latinLit:phi0474.phi013.perseus-lat2.xml
Cicero,Against Piso,13006,lemmatized/xml/urn:cts:latinLit:phi0474.phi027.perseus-lat2.xml
Cicero,Against Vatinius,5361,lemmatized/xml/urn:cts:latinLit:phi0474.phi023.perseus-lat2.xml
Cicero,Against Verres,119733,lemmatized/xml/urn:cts:latinLit:phi0474.phi005.perseus-lat2.xml
Cicero,Brutus,29793,lemmatized/xml/urn:cts:latinLit:phi0474.phi039.perseus-lat1.xml
Cicero,De Amicitia,11161,lemmatized/xml/urn:cts:latinLit:phi0474.phi052.perseus-lat2.xml
Cicero,De Divinatione,34069,lemmatized/xml/urn:cts:latinLit:phi0474.phi053.perseus-lat1.xml
Cicero,De Fato,6355,lemmatized/xml/urn:cts:latinLit:phi0474.phi054.perseus-lat1.xml
Cicero,De Inventione,41251,lemmatized/xml/urn:cts:latinLit:phi0474.phi036.perseus-lat1.xml
Cicero,De Officiis,41434,lemmatized/xml/urn:cts:latinLit:phi0474.phi055.perseus-lat1.xml
Cicero,De Optimo Genere Oratorum,1894,lemmatized/xml/urn:cts:latinLit:phi0474.phi041.perseus-lat1.xml
Cicero,De Republica,26369,lemmatized/xml/urn:cts:latinLit:phi0474.phi043.perseus-lat1.xml
Cicero,De Senectute,9887,lemmatized/xml/urn:cts:latinLit:phi0474.phi051.perseus-lat1.xml
Cicero,Divinatio against Q. Caecilius,6954,lemmatized/xml/urn:cts:latinLit:phi0474.phi004.perseus-lat2.xml
Cicero,For Aemilius Scaurus,3538,lemmatized/xml/urn:cts:latinLit:phi0474.phi029.perseus-lat2.xml
Cicero,For Archias,3602,lemmatized/xml/urn:cts:latinLit:phi0474.phi016.perseus-lat2.xml
Cicero,For Aulus Caecina,12364,lemmatized/xml/urn:cts:latinLit:phi0474.phi008.perseus-lat2.xml
Cicero,For Aulus Cluentius,24155,lemmatized/xml/urn:cts:latinLit:phi0474.phi010.perseus-lat2.xml
Cicero,For Cornelius Balbus,8014,lemmatized/xml/urn:cts:latinLit:phi0474.phi026.perseus-lat2.xml
Cicero,For Flaccus,13230,lemmatized/xml/urn:cts:latinLit:phi0474.phi017.perseus-lat2.xml
Cicero,For King Deiotarus,4639,lemmatized/xml/urn:cts:latinLit:phi0474.phi034.perseus-lat2.xml
Cicero,For Ligarius,3957,lemmatized/xml/urn:cts:latinLit:phi0474.phi033.perseus-lat2.xml
Cicero,For Lucius Murena,12536,lemmatized/xml/urn:cts:latinLit:phi0474.phi014.perseus-lat2.xml
Cicero,For Marcellus,3246,lemmatized/xml/urn:cts:latinLit:phi0474.phi032.perseus-lat2.xml
Cicero,For Marcus Caelius,10063,lemmatized/xml/urn:cts:latinLit:phi0474.phi024.perseus-lat2.xml
Cicero,For Marcus Fonteius,5313,lemmatized/xml/urn:cts:latinLit:phi0474.phi007.perseus-lat2.xml
Cicero,For Marcus Tullius,4089,lemmatized/xml/urn:cts:latinLit:phi0474.phi006.perseus-lat2.xml
Cicero,For Milo,12541,lemmatized/xml/urn:cts:latinLit:phi0474.phi031.perseus-lat2.xml
Cicero,For Plancius,13796,lemmatized/xml/urn:cts:latinLit:phi0474.phi028.perseus-lat2.xml
Cicero,For Publius Quinctius,10357,lemmatized/xml/urn:cts:latinLit:phi0474.phi001.perseus-lat2.xml
Cicero,For Quintus Roscius the Actor,5814,lemmatized/xml/urn:cts:latinLit:phi0474.phi003.perseus-lat2.xml
Cicero,For Rabirius Postumus,4878,lemmatized/xml/urn:cts:latinLit:phi0474.phi030.perseus-lat2.xml
Cicero,For Rabirius on a Charge of Treason,4243,lemmatized/xml/urn:cts:latinLit:phi0474.phi012.perseus-lat2.xml
Cicero,For Sestius,19927,lemmatized/xml/urn:cts:latinLit:phi0474.phi022.perseus-lat2.xml
Cicero,For Sextus Roscius of Ameria,15617,lemmatized/xml/urn:cts:latinLit:phi0474.phi002.perseus-lat2.xml
Cicero,For Sulla,11063,lemmatized/xml/urn:cts:latinLit:phi0474.phi015.perseus-lat2.xml
Cicero,In the Senate after his Return,5114,lemmatized/xml/urn:cts:latinLit:phi0474.phi019.perseus-lat2.xml
Cicero,Letters to Atticus,144888,lemmatized/xml/urn:cts:latinLit:phi0474.phi057.perseus-lat1.xml
Cicero,Letters to Brutus,11053,lemmatized/xml/urn:cts:latinLit:phi0474.phi059.perseus-lat1.xml
Cicero,Letters to his Friends,138932,lemmatized/xml/urn:cts:latinLit:phi0474.phi056.perseus-lat1.xml
Cicero,Letters to his brother Quintus,21585,lemmatized/xml/urn:cts:latinLit:phi0474.phi058.perseus-lat1.xml
Cicero,Lucullus,21033,lemmatized/xml/urn:cts:latinLit:phi0474.phi046.perseus-lat1.xml
Cicero,On His House,17973,lemmatized/xml/urn:cts:latinLit:phi0474.phi020.perseus-lat2.xml
Cicero,On Oratory,75660,lemmatized/xml/urn:cts:latinLit:phi0474.phi037.perseus-lat1.xml
Cicero,On Pompey's Command,7554,lemmatized/xml/urn:cts:latinLit:phi0474.phi009.perseus-lat2.xml
Cicero,On the Agrarian Law,16403,lemmatized/xml/urn:cts:latinLit:phi0474.phi011.perseus-lat2.xml
Cicero,On the Consular Provinces,5975,lemmatized/xml/urn:cts:latinLit:phi0474.phi025.perseus-lat2.xml
Cicero,On the Responses of the Haruspices,8909,lemmatized/xml/urn:cts:latinLit:phi0474.phi021.perseus-lat2.xml
Cicero,Orator,21816,lemmatized/xml/urn:cts:latinLit:phi0474.phi040.perseus-lat1.xml
Cicero,Paradoxa Stoicorum,5366,lemmatized/xml/urn:cts:latinLit:phi0474.phi047.perseus-lat1.xml
Cicero,Partitiones Oratoriae,11493,lemmatized/xml/urn:cts:latinLit:phi0474.phi038.perseus-lat1.xml
Cicero,Philippics,63309,lemmatized/xml/urn:cts:latinLit:phi0474.phi035.perseus-lat2.xml
Cicero,Rhetorica ad Herennium [sp.],37990,lemmatized/xml/urn:cts:latinLit:phi0474.phi073.corpcorp-lat1.xml
Cicero,Timaeus,5095,lemmatized/xml/urn:cts:latinLit:phi0474.phi072.perseus-lat1.xml
Cicero,To the Citizens after his Return,3127,lemmatized/xml/urn:cts:latinLit:phi0474.phi018.perseus-lat2.xml
Cicero,Topica,8115,lemmatized/xml/urn:cts:latinLit:phi0474.phi042.perseus-lat1.xml
Cicero,Tusculanae Disputationes,78412,lemmatized/xml/urn:cts:latinLit:phi0474.phi049.perseus-lat1.xml
Cicero,de Finibus Bonorum et Malorum,63257,lemmatized/xml/urn:cts:latinLit:phi0474.phi048.perseus-lat1.xml
Cicero,de Natura Deorum,41523,lemmatized/xml/urn:cts:latinLit:phi0474.phi050.perseus-lat1.xml
Claudian,Carmina Minorum Appendix Vel Spuria Vel Suspecta,2896,lemmatized/xml/urn:cts:latinLit:stoa0089.stoa001a.mgh-lat1.xml
Claudian,Carminum minorum corpusculum,10171,lemmatized/xml/urn:cts:latinLit:stoa0089.stoa001.perseus-lat2.xml
Claudian,Epithalamium de nuptiis Honorii Augusti,2704,lemmatized/xml/urn:cts:latinLit:stoa0089.stoa006.perseus-lat2.xml
Claudian,Fescinnina de nuptiis Honorii Augusti,665,lemmatized/xml/urn:cts:latinLit:stoa0089.stoa007.perseus-lat2.xml
Claudian,In Eutropium,8805,lemmatized/xml/urn:cts:latinLit:stoa0089.stoa008.perseus-lat2.xml
Claudian,In Rufinum,6975,lemmatized/xml/urn:cts:latinLit:stoa0089.stoa009.perseus-lat2.xml
Claudian,Panegyricus de quarto consulatu Honorii Augusti,4830,lemmatized/xml/urn:cts:latinLit:stoa0089.stoa011.perseus-lat2.xml
Claudian,Panegyricus de sexto consulatu Honorii Augusti,4970,lemmatized/xml/urn:cts:latinLit:stoa0089.stoa012.perseus-lat2.xml
Claudian,Panegyricus de tertio consulatu Honorii Augusti,1649,lemmatized/xml/urn:cts:latinLit:stoa0089.stoa010.perseus-lat2.xml
Claudian,Panegyricus dictus Manlio Theodoro consuli,2591,lemmatized/xml/urn:cts:latinLit:stoa0089.stoa013.perseus-lat2.xml
Claudian,Panegyricus dictus Probino et Olybrio consulibus,2037,lemmatized/xml/urn:cts:latinLit:stoa0089.stoa014.perseus-lat2.xml
Claudian,de Bello Gothico,4808,lemmatized/xml/urn:cts:latinLit:stoa0089.stoa003.perseus-lat2.xml
Claudian,de bello Gildonico,3944,lemmatized/xml/urn:cts:latinLit:stoa0089.stoa002.perseus-lat2.xml
Claudian,de consulatu Stilichonis,9151,lemmatized/xml/urn:cts:latinLit:stoa0089.stoa004.perseus-lat2.xml
Claudian,de raptu Proserpinae,8473,lemmatized/xml/urn:cts:latinLit:stoa0089.stoa005.perseus-lat2.xml
Claudianus Mamertus -approximately 474,De Statu Animae,41168,lemmatized/xml/urn:cts:latinLit:stoa0089a.stoa001.opp-lat1.xml
Claudianus Mamertus -approximately 474,Epistolae,1946,lemmatized/xml/urn:cts:latinLit:stoa0089a.stoa002.opp-lat1.xml
"Columella, Lucius Junius Moderatus",Res Rustica,95256,lemmatized/xml/urn:cts:latinLit:phi0845.phi002.perseus-lat3.xml
Commodianus,Carmen Apologeticum,9176,lemmatized/xml/urn:cts:latinLit:stoa0096.stoa004.opp-lat2.xml
Commodianus,Instructiones,11711,lemmatized/xml/urn:cts:latinLit:stoa0096.stoa003.opp-lat2.xml
Cornelius Labeo,Testimonia et fragmenta,1552,lemmatized/xml/urn:cts:latinLit:stoa0170a.stoa001.digilibLT-lat1.xml
Corpus Tibullianum,Elegiae,15024,lemmatized/xml/urn:cts:latinLit:phi0660.phi001.perseus-lat2.xml
Corpus Tibullianum,Sulpicia Elegiae,313,lemmatized/xml/urn:cts:latinLit:phi0660.phi003.perseus-lat2.xml
"Curtius Rufus, Quintus",Historiarum Alexandri Magni,90514,lemmatized/xml/urn:cts:latinLit:phi0860.phi001.perseus-lat2.xml
"Cyprian Saint, Bishop of Carthage",Ad Demetrianum,5186,lemmatized/xml/urn:cts:latinLit:stoa0104a.stoa002.opp-lat1.xml
"Cyprian Saint, Bishop of Carthage",Ad Donatum,3257,lemmatized/xml/urn:cts:latinLit:stoa0104a.stoa001.opp-lat1.xml
"Cyprian Saint, Bishop of Carthage",De Bono Patientiae,4682,lemmatized/xml/urn:cts:latinLit:stoa0104a.stoa003.opp-lat1.xml
"Cyprian Saint, Bishop of Carthage",De Disciplina et Habitu Virginum Liber,4691,lemmatized/xml/urn:cts:latinLit:stoa0104a.stoa004.opp-lat1.xml
"Cyprian Saint, Bishop of Carthage",De Dominica Oratione,7115,lemmatized/xml/urn:cts:latinLit:stoa0104a.stoa015.opp-lat1.xml
"Cyprian Saint, Bishop of Carthage",De Exhortatione Martyrii,7133,lemmatized/xml/urn:cts:latinLit:stoa0104a.stoa005.opp-lat1.xml
"Cyprian Saint, Bishop of Carthage",De Lapsis,6765,lemmatized/xml/urn:cts:latinLit:stoa0104a.stoa007.opp-lat1.xml
"Cyprian Saint, Bishop of Carthage",De Mortalite,4462,lemmatized/xml/urn:cts:latinLit:stoa0104a.stoa008.opp-lat1.xml
"Cyprian Saint, Bishop of Carthage",De Opere et Eleemosynis,5477,lemmatized/xml/urn:cts:latinLit:stoa0104a.stoa009.opp-lat1.xml
"Cyprian Saint, Bishop of Carthage",De Unitate Ecclesiae Catholicae Liber,5863,lemmatized/xml/urn:cts:latinLit:stoa0104a.stoa010.opp-lat1.xml
"Cyprian Saint, Bishop of Carthage",De Zelo et Livore,3396,lemmatized/xml/urn:cts:latinLit:stoa0104a.stoa011.opp-lat1.xml
"Cyprian Saint, Bishop of Carthage",Epistulae,79572,lemmatized/xml/urn:cts:latinLit:stoa0104a.stoa012.opp-lat1.xml
"Cyprian Saint, Bishop of Carthage",Quod Idola Dii non sint,2095,lemmatized/xml/urn:cts:latinLit:stoa0104a.stoa006.opp-lat1.xml
"Cyprian Saint, Bishop of Carthage",Sententiae Episcoporum,4007,lemmatized/xml/urn:cts:latinLit:stoa0104a.stoa013.opp-lat1.xml
"Cyprian Saint, Bishop of Carthage",Testimoniorum Libri Tres adversus Judaeos,31375,lemmatized/xml/urn:cts:latinLit:stoa0104a.stoa014.opp-lat1.xml
Cyprianus Gallus active 5th century,Heptateuchos,42261,lemmatized/xml/urn:cts:latinLit:stoa0104c.stoa001.opp-lat1.xml
De Taxone (Recensio β),De Physiognomonia liber,15584,lemmatized/xml/urn:cts:latinLit:stoa0365.stoa002.digilibLT-lat1.xml
De sepulchris,De sepulchris,265,lemmatized/xml/urn:cts:latinLit:dlt000493.dlt000493.digilibLT-lat1.xml
"Drepanius, Latinus Pacatus",Panegyricus dictus Theodosio imperatori (Romae a. 389 p. Chr.),10714,lemmatized/xml/urn:cts:latinLit:stoa0217a.stoa001.digilibLT-lat1.xml
"Ennodius, Magnus Felix Saint 474-521",Benedictio Cerei (I),758,lemmatized/xml/urn:cts:latinLit:stoa0114a.stoa001.opp-lat1.xml
"Ennodius, Magnus Felix Saint 474-521",Benedictio Cerei (II),680,lemmatized/xml/urn:cts:latinLit:stoa0114a.stoa002.opp-lat1.xml
"Ennodius, Magnus Felix Saint 474-521",Carmina,14604,lemmatized/xml/urn:cts:latinLit:stoa0114a.stoa003.opp-lat1.xml
"Ennodius, Magnus Felix Saint 474-521",De Vita Beati Antoni Monachi,2508,lemmatized/xml/urn:cts:latinLit:stoa0114a.stoa005.opp-lat1.xml
"Ennodius, Magnus Felix Saint 474-521",Dictiones,19017,lemmatized/xml/urn:cts:latinLit:stoa0114a.stoa004.opp-lat1.xml
"Ennodius, Magnus Felix Saint 474-521",Ennodius Ambrosio et Beato,2060,lemmatized/xml/urn:cts:latinLit:stoa0114a.stoa007.opp-lat1.xml
"Ennodius, Magnus Felix Saint 474-521",Epistulae,54794,lemmatized/xml/urn:cts:latinLit:stoa0114a.stoa008.opp-lat1.xml
"Ennodius, Magnus Felix Saint 474-521",Eucharisticum de Vita Sua,1858,lemmatized/xml/urn:cts:latinLit:stoa0114a.stoa011.opp-lat1.xml
"Ennodius, Magnus Felix Saint 474-521",Libellus Adversus eos qui contra Synodum Scribere Praesumpserunt,9332,lemmatized/xml/urn:cts:latinLit:stoa0114a.stoa012.opp-lat1.xml
"Ennodius, Magnus Felix Saint 474-521",Panegyricus Theodorico Regi Dictus,5614,lemmatized/xml/urn:cts:latinLit:stoa0114a.stoa006.opp-lat2.xml
"Ennodius, Magnus Felix Saint 474-521",Petitorium quo Absolutus est Gerontius Puer Agapiti,303,lemmatized/xml/urn:cts:latinLit:stoa0114a.stoa013.opp-lat1.xml
"Ennodius, Magnus Felix Saint 474-521",Praeceptum Quando Iussi Sunt Omnes Episcopi Cellulanos Habere,752,lemmatized/xml/urn:cts:latinLit:stoa0114a.stoa014.opp-lat1.xml
"Ennodius, Magnus Felix Saint 474-521",Vita Epiphanii,12414,lemmatized/xml/urn:cts:latinLit:stoa0114a.stoa015.opp-lat1.xml
Epigrammata Bobiensia,Epigrammata Bobiensia,3615,lemmatized/xml/urn:cts:latinLit:lasc0001.lasc001.musisquedeoque-lat1.xml
Epistola Alexandri ad Aristotelem,Collatio Alexandri et Dindimi,4285,lemmatized/xml/urn:cts:latinLit:stoa0020b.stoa002.digilibLT-lat1.xml
Epistola Alexandri ad Aristotelem,Epistola Alexandri ad Aristotelem,6128,lemmatized/xml/urn:cts:latinLit:stoa0020b.stoa001.digilibLT-lat1.xml
"Eucherius of Lyon, Saint -449?",De Laude Heremi,4461,lemmatized/xml/urn:cts:latinLit:stoa0117.stoa001.opp-lat1.xml
"Eucherius of Lyon, Saint -449?",De Situ Hierusolimitanae Urbis Atque Ipsius Judaeae,1785,lemmatized/xml/urn:cts:latinLit:stoa0117p.stoa001.opp-lat1.xml
"Eucherius of Lyon, Saint -449?",Formulae Spiritalis Intellegentiae,10791,lemmatized/xml/urn:cts:latinLit:stoa0117.stoa002.opp-lat1.xml
"Eucherius of Lyon, Saint -449?",Instructiones,22079,lemmatized/xml/urn:cts:latinLit:stoa0117.stoa003.opp-lat1.xml
"Eucherius of Lyon, Saint -449?",Passio Agaunensium Martyrum,1873,lemmatized/xml/urn:cts:latinLit:stoa0117.stoa004.opp-lat1.xml
Eugippius,Epistula ad Probam Virginem,695,lemmatized/xml/urn:cts:latinLit:stoa0119.stoa002.opp-lat1.xml
Eugippius,Excerpta ex Operibus Augustini,277135,lemmatized/xml/urn:cts:latinLit:stoa0119.stoa003.opp-lat1.xml
Eugippius,Vita Sancti Severini,13959,lemmatized/xml/urn:cts:latinLit:stoa0119.stoa001.opp-lat2.xml
Eugraphius,Commentum Heauton Hecyra,8636,lemmatized/xml/urn:cts:latinLit:stoa0119a.stoa001e.digilibLT-lat1.xml
Eugraphius,Commentum Heauton Timorumenos,15123,lemmatized/xml/urn:cts:latinLit:stoa0119a.stoa001d.digilibLT-lat1.xml
Eugraphius,Commentum Phormyo,11548,lemmatized/xml/urn:cts:latinLit:stoa0119a.stoa001f.digilibLT-lat1.xml
Eugraphius,Commentum Terenti Adelphi,9541,lemmatized/xml/urn:cts:latinLit:stoa0119a.stoa001a.digilibLT-lat1.xml
Eugraphius,Commentum Terenti Andria,22629,lemmatized/xml/urn:cts:latinLit:stoa0119a.stoa001b.digilibLT-lat1.xml
Eugraphius,Commentum Terenti Eunuchus,16102,lemmatized/xml/urn:cts:latinLit:stoa0119a.stoa001c.digilibLT-lat1.xml
Eumenius,Panegyricus dictus Augustoduni a. 297-8 - oratio pro instaurandis scholis,4794,lemmatized/xml/urn:cts:latinLit:stoa0120a.stoa002.digilibLT-lat1.xml
Eumenius,Panegyricus dictus Constantino imperatori (Treueris a. 312 p. Chr.) - Gratiarum actio,2933,lemmatized/xml/urn:cts:latinLit:stoa0120a.stoa001.digilibLT-lat1.xml
Eumenius,Panegyricus dictus Constantio Caesari (Treueris a. 297-8),3742,lemmatized/xml/urn:cts:latinLit:stoa0120a.stoa003.digilibLT-lat1.xml
Eutropius,Breuiarium ab urbe condita,21972,lemmatized/xml/urn:cts:latinLit:stoa0121.stoa001.digilibLT-lat1.xml
Evagrius Monachus active 430,Altercatio legis inter Simonem Iudaeum et Theophilum Christianum,8087,lemmatized/xml/urn:cts:latinLit:stoa0120c.stoa001.opp-lat1.xml
Evodius Bishop of Uzalis -424,De fide Contra Manicheos,8550,lemmatized/xml/urn:cts:latinLit:stoa0120d.stoa001.opp-lat1.xml
Excerpta Valesiana pars posterior,Origo Constantini imperatoris (= Excerpta Valesiana pars prior),1812,lemmatized/xml/urn:cts:latinLit:stoa0318.stoa002.digilibLT-lat1.xml
Faustus of Riez active 5th century,De Gratia Libri Duo,26094,lemmatized/xml/urn:cts:latinLit:stoa0121g.stoa001.opp-lat1.xml
Faustus of Riez active 5th century,De Ratione Fidei,1804,lemmatized/xml/urn:cts:latinLit:stoa0121g.stoa005.opp-lat1.xml
Faustus of Riez active 5th century,De Spiritu Sancto Libri Duo,14175,lemmatized/xml/urn:cts:latinLit:stoa0121g.stoa002.opp-lat1.xml
Faustus of Riez active 5th century,Epistulae. Selections.,13685,lemmatized/xml/urn:cts:latinLit:stoa0121g.stoa003.opp-lat2.xml
Faustus of Riez active 5th century,Sermones,33441,lemmatized/xml/urn:cts:latinLit:stoa0121g.stoa004.opp-lat1.xml
Favonius Eulogius,Disputatio de somnio Scipionis,5776,lemmatized/xml/urn:cts:latinLit:stoa0122c.stoa001.digilibLT-lat1.xml
"Firmicus Maternus, Julius",De errore profanarum religionum,16095,lemmatized/xml/urn:cts:latinLit:stoa0123a.stoa001.opp-lat1.xml
"Firmicus Maternus, Julius",Mathesis,146364,lemmatized/xml/urn:cts:latinLit:stoa0123a.stoa002.digilibLT-lat1.xml
"Firmicus Maternus, Julius",Mathesis,146219,lemmatized/xml/urn:cts:latinLit:stoa0123a.stoa002.thayer-lat1.xml
Flavius Iosephus,De Iudaeorum Vetustate sive Contra Apionem,24177,lemmatized/xml/urn:cts:greekLit:tlg0526.tlg003.opp-lat1.xml
Flavius Vegetius Renatus,Digesta artis mulomedicinae,51486,lemmatized/xml/urn:cts:latinLit:stoa0287.stoa002.digilibLT-lat1.xml
Flavius Vegetius Renatus,Epitoma rei militaris,28193,lemmatized/xml/urn:cts:latinLit:stoa0287.stoa001.digilibLT-lat1.xml
"Florus, Lucius Annaeus",Epitome Rerum Romanorum,31529,lemmatized/xml/urn:cts:latinLit:phi1242.phi001.perseus-lat1.xml
Florus,Vergilius orator an poeta,1096,lemmatized/xml/urn:cts:latinLit:stoa0124.stoa003.digilibLT-lat1.xml
Fulgentius (Fabius Planciades Fulgentius),De aetatibus mundi et hominis,11175,lemmatized/xml/urn:cts:latinLit:stoa0128b.stoa001.digilibLT-lat1.xml
Fulgentius (Fabius Planciades Fulgentius),Expositio Vergilianae continentiae,4815,lemmatized/xml/urn:cts:latinLit:stoa0128b.stoa003.digilibLT-lat1.xml
Fulgentius (Fabius Planciades Fulgentius),Expositio sermonum antiquorum,2215,lemmatized/xml/urn:cts:latinLit:stoa0128b.stoa002.digilibLT-lat1.xml
Fulgentius (Fabius Planciades Fulgentius),Mythologiarum libri,15003,lemmatized/xml/urn:cts:latinLit:stoa0128b.stoa004.digilibLT-lat1.xml
Furius Dionysius Filocalus,Chronica,10613,lemmatized/xml/urn:cts:latinLit:stoa0128e.stoa001.digilibLT-lat1.xml
Gaius,Institutiones,51549,lemmatized/xml/urn:cts:latinLit:phi1251.phi001.corpuscorporum-lat1.xml
"Gellius, Aulus",Noctes Atticae,147084,lemmatized/xml/urn:cts:latinLit:phi1254.phi001.perseus-lat2.xml
Granius Licinianus,Reliquiae,6953,lemmatized/xml/urn:cts:latinLit:phi1257.phi001.digilibLT-lat1.xml
Grattius,Cynegetica,4210,lemmatized/xml/urn:cts:latinLit:phi0887.phi001.thayer-lat1.xml
"Hilary Saint, Bishop of Poitiers -367?",Collectanea Antiariana Parisina,31566,lemmatized/xml/urn:cts:latinLit:stoa0149b.stoa002.opp-lat1.xml
"Hilary Saint, Bishop of Poitiers -367?",Epistola seu libellus,8431,lemmatized/xml/urn:cts:latinLit:stoa0149b.stoa023.corpuscorporum-lat1.xml
"Hilary Saint, Bishop of Poitiers -367?",Fragmenta Minora,796,lemmatized/xml/urn:cts:latinLit:stoa0149b.stoa003.opp-lat1.xml
"Hilary Saint, Bishop of Poitiers -367?",Hymni,1730,lemmatized/xml/urn:cts:latinLit:stoa0149b.stoa004.opp-lat1.xml
"Hilary Saint, Bishop of Poitiers -367?",Liber ad Constantium Imperatorem,2047,lemmatized/xml/urn:cts:latinLit:stoa0149b.stoa005.opp-lat1.xml
"Hilary Saint, Bishop of Poitiers -367?",Libri tres adversum Valentem et Ursacium,1452,lemmatized/xml/urn:cts:latinLit:stoa0149b.stoa006.opp-lat1.xml
"Hilary Saint, Bishop of Poitiers -367?",Oratio Synodi Sardicensis ad Constantium Imperatorem,1472,lemmatized/xml/urn:cts:latinLit:stoa0149b.stoa007.opp-lat1.xml
"Hilary Saint, Bishop of Poitiers -367?",Spuria,2001,lemmatized/xml/urn:cts:latinLit:stoa0149b.stoa008.opp-lat1.xml
"Hilary Saint, Bishop of Poitiers -367?",Tractatus mysteriorum,9714,lemmatized/xml/urn:cts:latinLit:stoa0149b.stoa009.opp-lat1.xml
"Hilary Saint, Bishop of Poitiers -367?",Tractatus super psalmos,226239,lemmatized/xml/urn:cts:latinLit:stoa0149b.stoa001.opp-lat1.xml
"Hilary, Saint, Archbishop of Arles, 401-449",Epistulae ad Eucherium,126,lemmatized/xml/urn:cts:latinLit:stoa0149c.stoa001.opp-lat1.xml
Historia Apollonii regis Tyri recensio B,Historia Apollonii regis Tyri recensio B,12589,lemmatized/xml/urn:cts:latinLit:stoa0323.stoa001.digilibLT-lat1.xml
Horace,Ars Poetica,3794,lemmatized/xml/urn:cts:latinLit:phi0893.phi006.perseus-lat2.xml
Horace,Carmen Saeculare,392,lemmatized/xml/urn:cts:latinLit:phi0893.phi002.perseus-lat2.xml
Horace,Epistulae,12290,lemmatized/xml/urn:cts:latinLit:phi0893.phi005.perseus-lat2.xml
Horace,Epodi,3569,lemmatized/xml/urn:cts:latinLit:phi0893.phi003.perseus-lat2.xml
Horace,Odes,15671,lemmatized/xml/urn:cts:latinLit:phi0893.phi001.perseus-lat2.xml
Horace,Sermones,18085,lemmatized/xml/urn:cts:latinLit:phi0893.phi004.perseus-lat2.xml
Hyginus (Ps.),De metatione (uel munitionibus) castrorum,3713,lemmatized/xml/urn:cts:latinLit:stoa0156.stoa005.digilibLT-lat1.xml
Isidore de Séville,Étymologies,206477,lemmatized/xml/urn:cts:latinLit:stoa0159.stoa004.thayer-lat1.xml
Isidore of Seville,"Dedicatio historiarum Gothorum, Vandalorum, Sueborum ad Sisenandum regem",242,lemmatized/xml/urn:cts:latinLit:stoa0159.stoa003a.digilibLT-lat1.xml
Itinera Hierosolymitana / Egragia,S. Silviae Peregrinatio,20559,lemmatized/xml/urn:cts:latinLit:stoa0111.stoa001.opp-lat3.xml
Iulius Solinus,Collectanea Rerum Memorabilium,40379,lemmatized/xml/urn:cts:latinLit:stoa0264.stoa001.digilibLT-lat1.xml
Iulius Valerius Alexander Polemus,Res gestae Alexandri Macedonis translatae ex Aesopo graeco,38243,lemmatized/xml/urn:cts:latinLit:phi1672.phi002.digilibLT-lat1.xml
Iustinianus,Codex Iustinianus,394286,lemmatized/xml/urn:cts:latinLit:stoa0168.stoa001c.droitromain-lat1.xml
Iustinianus,Digesta Iustiniani Augusti,1036035,lemmatized/xml/urn:cts:latinLit:stoa0168.stoa001b.corpuscorporum-lat1.xml
Jerome Saint d. 419 or 20,Adversus Jovinianum,56011,lemmatized/xml/urn:cts:latinLit:stoa0162.stoa007.corpuscorporum-lat1.xml
Jerome Saint d. 419 or 20,Commentaria in Isaiam libri octo et decem (in Iesaiam Commentarii),305049,lemmatized/xml/urn:cts:latinLit:stoa0162.stoa023.corpuscorporum-lat1.xml
Jerome Saint d. 419 or 20,Contra Vigilantium Liber,5460,lemmatized/xml/urn:cts:latinLit:stoa0162.stoa038.corpuscorporum-lat1.xml
Jerome Saint d. 419 or 20,Epistolae,128378,lemmatized/xml/urn:cts:latinLit:stoa0162.stoa004.opp-lat2.xml
Jerome Saint d. 419 or 20,Epistolae,135356,lemmatized/xml/urn:cts:latinLit:stoa0162.stoa004.opp-lat1.xml
Jerome Saint d. 419 or 20,Epistolae,89451,lemmatized/xml/urn:cts:latinLit:stoa0162.stoa004.opp-lat3.xml
Jerome Saint d. 419 or 20,Epistolae,53086,lemmatized/xml/urn:cts:latinLit:stoa0162.stoa004.perseus-lat2.xml
Jerome Saint d. 419 or 20,In Hieremiam Prophetam Libri Sex,104420,lemmatized/xml/urn:cts:latinLit:stoa0162.stoa024.opp-lat1.xml
Jerome Saint d. 419 or 20,Vita Malchi monachi captivi,2644,lemmatized/xml/urn:cts:latinLit:stoa0162.stoa062.corpuscorporum-lat1.xml
Juvenal,Satires,29702,lemmatized/xml/urn:cts:latinLit:phi1276.phi001.perseus-lat2.xml
"Juvencus, Caius Vettius Aquilinus",Evangeliorum libri quattuor,24348,lemmatized/xml/urn:cts:latinLit:stoa0169a.stoa002.opp-lat2.xml
Lactantius Placidus,In Statii Thebaida commentum,114845,lemmatized/xml/urn:cts:latinLit:stoa0171a.stoa001.digilibLT-lat1.xml
Lactantius ca. 240-ca. 320,Carmen de Passione Domini,601,lemmatized/xml/urn:cts:latinLit:stoa0171.stoa004.opp-lat1.xml
Lactantius ca. 240-ca. 320,De Ira Dei,14185,lemmatized/xml/urn:cts:latinLit:stoa0171.stoa006.opp-lat1.xml
Lactantius ca. 240-ca. 320,De Mortibus Persecutorum,12911,lemmatized/xml/urn:cts:latinLit:stoa0171.stoa002.opp-lat1.xml
Lactantius ca. 240-ca. 320,De Opificio Dei,12802,lemmatized/xml/urn:cts:latinLit:stoa0171.stoa007.opp-lat1.xml
Lactantius ca. 240-ca. 320,De ave phoenice,1261,lemmatized/xml/urn:cts:latinLit:stoa0171.stoa001.opp-lat3.xml
Lactantius ca. 240-ca. 320,Divinarum Institutionum,137741,lemmatized/xml/urn:cts:latinLit:stoa0171.stoa009.opp-lat1.xml
Lactantius ca. 240-ca. 320,Epitome Divinarum Institutionum,20977,lemmatized/xml/urn:cts:latinLit:stoa0171.stoa008.opp-lat1.xml
Lactantius ca. 240-ca. 320,Fragmenta,2581,lemmatized/xml/urn:cts:latinLit:stoa0171.stoa010.opp-lat1.xml
Laus Pisonis,Laus Pisonis,2020,lemmatized/xml/urn:cts:latinLit:phi0911.phi001.thayer-lat1.xml
Lucan,Civil War,67564,lemmatized/xml/urn:cts:latinLit:phi0917.phi001.perseus-lat2.xml
Lucifer Bishop of Cagliari -approximately 370,De Non Conveniendo Cum Haereticis,9918,lemmatized/xml/urn:cts:latinLit:stoa0180a.stoa001.opp-lat1.xml
Lucifer Bishop of Cagliari -approximately 370,De Regibus Apostaticis,10003,lemmatized/xml/urn:cts:latinLit:stoa0180a.stoa003.opp-lat1.xml
Lucifer Bishop of Cagliari -approximately 370,"De Sancto Athanasio, Liber I-II",45734,lemmatized/xml/urn:cts:latinLit:stoa0180a.stoa004.opp-lat1.xml
Lucifer Bishop of Cagliari -approximately 370,De non parcendo in deum delinquentibus,24016,lemmatized/xml/urn:cts:latinLit:stoa0180a.stoa002.opp-lat1.xml
Lucifer Bishop of Cagliari -approximately 370,Epistulae,3339,lemmatized/xml/urn:cts:latinLit:stoa0180a.stoa005.opp-lat1.xml
Lucifer Bishop of Cagliari -approximately 370,Moriendum esse pro dei filio,10424,lemmatized/xml/urn:cts:latinLit:stoa0180a.stoa006.opp-lat1.xml
Lucius Ampelius,Liber memorialis,8593,lemmatized/xml/urn:cts:latinLit:stoa0024.stoa001.digilibLT-lat1.xml
Lucretius,De Rerum Natura,56668,lemmatized/xml/urn:cts:latinLit:phi0550.phi001.perseus-lat1.xml
Macrobe,In somnium Scipionis commentarii,46712,lemmatized/xml/urn:cts:latinLit:stoa0186.stoa002.digilibLT-lat1.xml
Macrobe,Saturnalia,104247,lemmatized/xml/urn:cts:latinLit:stoa0186.stoa001.digilibLT-lat1.xml
Macrobius,Saturnalia,99795,lemmatized/xml/urn:cts:latinLit:stoa0186.stoa001.thayer-lat1.xml
Mallius Theodorus,De metris,4330,lemmatized/xml/urn:cts:latinLit:stoa0187a.stoa001.digilibLT-lat1.xml
"Mamertinus, Claudius",Panegyricus dictus Iuliano imperatori (Constantinopoli a. 362 p. Chr.) - Gratiarum actio de consulatu suo,6219,lemmatized/xml/urn:cts:latinLit:stoa0187b.stoa001.digilibLT-lat1.xml
"Mamertinus, Claudius",Panegyricus dictus Maximiano et Diocletiano (Treueris a. 289 p. Chr.),3097,lemmatized/xml/urn:cts:latinLit:stoa0187b.stoa003.digilibLT-lat1.xml
"Mamertinus, Claudius",Panegyricus dictus Treueris? a. 291 p. Chr. - Genethliacus Maximiani Augusti,3485,lemmatized/xml/urn:cts:latinLit:stoa0187b.stoa002.digilibLT-lat1.xml
Marcellus Empiricus,De medicamentis liber,117496,lemmatized/xml/urn:cts:latinLit:stoa0190a.stoa001.digilibLT-lat1.xml
Marcus Cetius Faventinus,Artis architectonicae priuatis usibus adbreuiatus liber,6132,lemmatized/xml/urn:cts:latinLit:stoa0085a.stoa001.digilibLT-lat1.xml
Martial,Epigrammata,71887,lemmatized/xml/urn:cts:latinLit:phi1294.phi002.perseus-lat2.xml
Martianus Capella,De nuptiis Philologiae et Mercurii,96211,lemmatized/xml/urn:cts:latinLit:stoa0192a.stoa001.digilibLT-lat1.xml
Mavortius,De Ecclesia,1098,lemmatized/xml/urn:cts:latinLit:stoa0195a.stoa002.opp-lat1.xml
Maximianus 6th cent.,Elegiae,5124,lemmatized/xml/urn:cts:latinLit:stoa0196.stoa001.latinlibrary-lat1.xml
"Minucius Felix, Marcus",Octavius,13897,lemmatized/xml/urn:cts:latinLit:stoa0203.stoa001.opp-lat2.xml
"Minucius Felix, Marcus",Octavius,13978,lemmatized/xml/urn:cts:latinLit:stoa0203.stoa001.perseus-lat2.xml
Muscio,Gynaecia,17965,lemmatized/xml/urn:cts:latinLit:stoa0205b.stoa001.bolton-lat1.xml
Mythographus Vaticanus I,Mythographus Vaticanus I,25637,lemmatized/xml/urn:cts:latinLit:stoa0364.stoa001.digilibLT-lat1.xml
Nazarius,Panegyricus dictus Constantino imperatori (Romae a. 321 p. Chr.),7350,lemmatized/xml/urn:cts:latinLit:stoa0208a.stoa001.digilibLT-lat1.xml
"Nepos, Cornelius",Agesilaus,1656,lemmatized/xml/urn:cts:latinLit:phi0588.abo017.perseus-lat2.xml
"Nepos, Cornelius",Alcibiades,2425,lemmatized/xml/urn:cts:latinLit:phi0588.abo007.perseus-lat2.xml
"Nepos, Cornelius",Aristides,398,lemmatized/xml/urn:cts:latinLit:phi0588.abo003.perseus-lat2.xml
"Nepos, Cornelius",Atticus,4241,lemmatized/xml/urn:cts:latinLit:phi0588.abo025.perseus-lat2.xml
"Nepos, Cornelius",Cato,507,lemmatized/xml/urn:cts:latinLit:phi0588.abo024.perseus-lat2.xml
"Nepos, Cornelius",Chabrias,585,lemmatized/xml/urn:cts:latinLit:phi0588.abo012.perseus-lat2.xml
"Nepos, Cornelius",Cimon,641,lemmatized/xml/urn:cts:latinLit:phi0588.abo005.perseus-lat2.xml
"Nepos, Cornelius",Conon,885,lemmatized/xml/urn:cts:latinLit:phi0588.abo009.perseus-lat2.xml
"Nepos, Cornelius",Datames,2228,lemmatized/xml/urn:cts:latinLit:phi0588.abo014.perseus-lat2.xml
"Nepos, Cornelius",De Regibus,531,lemmatized/xml/urn:cts:latinLit:phi0588.abo021.perseus-lat2.xml
"Nepos, Cornelius",Dion,1805,lemmatized/xml/urn:cts:latinLit:phi0588.abo010.perseus-lat2.xml
"Nepos, Cornelius",Epaminondas,2042,lemmatized/xml/urn:cts:latinLit:phi0588.abo015.perseus-lat2.xml
"Nepos, Cornelius",Eumenes,2760,lemmatized/xml/urn:cts:latinLit:phi0588.abo018.perseus-lat2.xml
"Nepos, Cornelius",Hamilcar,624,lemmatized/xml/urn:cts:latinLit:phi0588.abo022.perseus-lat2.xml
"Nepos, Cornelius",Hannibal,2459,lemmatized/xml/urn:cts:latinLit:phi0588.abo023.perseus-lat2.xml
"Nepos, Cornelius",Iphicrates,499,lemmatized/xml/urn:cts:latinLit:phi0588.abo011.perseus-lat2.xml
"Nepos, Cornelius",Lysander,635,lemmatized/xml/urn:cts:latinLit:phi0588.abo006.perseus-lat2.xml
"Nepos, Cornelius",Miltiades,1590,lemmatized/xml/urn:cts:latinLit:phi0588.abo001.perseus-lat2.xml
"Nepos, Cornelius",Pausanias,1059,lemmatized/xml/urn:cts:latinLit:phi0588.abo004.perseus-lat2.xml
"Nepos, Cornelius",Pelopidas,861,lemmatized/xml/urn:cts:latinLit:phi0588.abo016.perseus-lat2.xml
"Nepos, Cornelius",Phocion,642,lemmatized/xml/urn:cts:latinLit:phi0588.abo019.perseus-lat2.xml
"Nepos, Cornelius",Themistocles,2043,lemmatized/xml/urn:cts:latinLit:phi0588.abo002.perseus-lat2.xml
"Nepos, Cornelius",Thrasybulus,716,lemmatized/xml/urn:cts:latinLit:phi0588.abo008.perseus-lat2.xml
"Nepos, Cornelius",Timoleon,988,lemmatized/xml/urn:cts:latinLit:phi0588.abo020.perseus-lat2.xml
"Nepos, Cornelius",Timotheus,784,lemmatized/xml/urn:cts:latinLit:phi0588.abo013.perseus-lat2.xml
Nonius Marcellus,De compendiosa doctrina libri XX,150257,lemmatized/xml/urn:cts:latinLit:stoa0213a.stoa001.digilibLT-lat1.xml
Novatian,De Trinitate,23917,lemmatized/xml/urn:cts:latinLit:stoa0213c.stoa001.latinlibrary-lat1.xml
Némésien,Cynegetica,2405,lemmatized/xml/urn:cts:latinLit:stoa0209.stoa002.thayer-lat1.xml
Némésien,Eclgoues,2605,lemmatized/xml/urn:cts:latinLit:stoa0209.stoa001.thayer-lat1.xml
"Optatus Saint, Bishop of Mileve active 4th century",Appendix Decem Monumentorum Veterum,11328,lemmatized/xml/urn:cts:latinLit:stoa0215a.stoa002.opp-lat1.xml
"Optatus Saint, Bishop of Mileve active 4th century",S. Optati Milevitani libri VII,40615,lemmatized/xml/urn:cts:latinLit:stoa0215a.stoa001.opp-lat1.xml
Orientius Saint active 430-440,Carmina,1776,lemmatized/xml/urn:cts:latinLit:stoa0215b.stoa002.opp-lat1.xml
Orientius Saint active 430-440,Commonitorium,8054,lemmatized/xml/urn:cts:latinLit:stoa0215b.stoa001.opp-lat1.xml
Orientius Saint active 430-440,Orationes,423,lemmatized/xml/urn:cts:latinLit:stoa0215b.stoa003.opp-lat1.xml
"Orosius, Paulus",Commenitorium Orosii ad Augustinum de Errore Priscillianistarum et Origenistarum,1321,lemmatized/xml/urn:cts:latinLit:stoa0215c.stoa003.opp-lat1.xml
"Orosius, Paulus",Historiae Adversum Paganos,86966,lemmatized/xml/urn:cts:latinLit:stoa0215c.stoa001.opp-lat1.xml
"Orosius, Paulus",Liber Apologeticus,13601,lemmatized/xml/urn:cts:latinLit:stoa0215c.stoa002.opp-lat1.xml
Ovid,Amores,19717,lemmatized/xml/urn:cts:latinLit:phi0959.phi001.perseus-lat2.xml
Ovid,Art of Beauty,747,lemmatized/xml/urn:cts:latinLit:phi0959.phi003.perseus-lat2.xml
Ovid,Art of Love,19137,lemmatized/xml/urn:cts:latinLit:phi0959.phi004.perseus-lat2.xml
Ovid,Book of Days,39243,lemmatized/xml/urn:cts:latinLit:phi0959.phi007.perseus-lat2.xml
Ovid,Epistulae,32507,lemmatized/xml/urn:cts:latinLit:phi0959.phi002.perseus-lat2.xml
Ovid,Ibis,4928,lemmatized/xml/urn:cts:latinLit:phi0959.phi010.perseus-lat2.xml
Ovid,Letters from the Black Sea,25733,lemmatized/xml/urn:cts:latinLit:phi0959.phi009.perseus-lat2.xml
Ovid,Metamorphoses,98747,lemmatized/xml/urn:cts:latinLit:phi0959.phi006.perseus-lat2.xml
Ovid,Remède à l'amour,6670,lemmatized/xml/urn:cts:latinLit:phi0959.phi005.perseus-lat2.xml
Ovid,Tristia,28542,lemmatized/xml/urn:cts:latinLit:phi0959.phi008.perseus-lat2.xml
Palaemon (Ps.),"Ars, sive Regulae",9418,lemmatized/xml/urn:cts:latinLit:phi963.phi002.digilibLT-lat1.xml
Palladius Rutilius Taurus Aemilianus,De insitione,1272,lemmatized/xml/urn:cts:latinLit:stoa0218.stoa001.digilibLT-lat1.xml
Panegyrici Latini,Panegyrici Latini,53629,lemmatized/xml/urn:cts:latinLit:dlt000386.dlt000386.digilibLT-lat1.xml
Panegyricus dictus Maximiano et Constantino (Treueris? a. 307 p. Chr.),Panegyricus dictus Constantino filio Constantii (Treueris a. 313 p. Chr.),5006,lemmatized/xml/urn:cts:latinLit:stoa0353.stoa002.digilibLT-lat1.xml
Panegyricus dictus Maximiano et Constantino (Treueris? a. 307 p. Chr.),Panegyricus dictus Maximiano et Constantino (Treueris? a. 307 p. Chr.),2914,lemmatized/xml/urn:cts:latinLit:stoa0353.stoa001.digilibLT-lat1.xml
"Paris, Julius",Facta et Dicta Memorabilia,92496,lemmatized/xml/urn:cts:latinLit:phi1038.phi001.perseus-lat1.xml
"Paul, the Apostle, Saint",Epigramma,2090,lemmatized/xml/urn:cts:latinLit:stoa0222a.stoa001.opp-lat1.xml
Paulinus Petricordiae active 459-472,De Orantibus,199,lemmatized/xml/urn:cts:latinLit:stoa0224b.stoa003.opp-lat1.xml
Paulinus Petricordiae active 459-472,De Visitatione Nepotuli Sui,610,lemmatized/xml/urn:cts:latinLit:stoa0224b.stoa002.opp-lat1.xml
Paulinus Petricordiae active 459-472,De Vita Sancti Martini,26178,lemmatized/xml/urn:cts:latinLit:stoa0224b.stoa001.opp-lat1.xml
"Paulinus of Nola, Saint approximately 353-431",Carmina,67630,lemmatized/xml/urn:cts:latinLit:stoa0223.stoa001.opp-lat1.xml
"Paulinus of Nola, Saint approximately 353-431",Epistulae,113304,lemmatized/xml/urn:cts:latinLit:stoa0223.stoa002.opp-lat1.xml
Paulinus of Pella,Eucharisticus,4944,lemmatized/xml/urn:cts:latinLit:stoa0223a.stoa001.opp-lat2.xml
Paulus Diaconus,Excerpta ex libris Pompei Festi de verborum significatu,43324,lemmatized/xml/urn:cts:latinLit:stoa0224.stoa004.alim-lat1.xml
Pelagonius,Ars veterinaria,29644,lemmatized/xml/urn:cts:latinLit:stoa0224c.stoa001.digilibLT-lat1.xml
Persius,Satires,5591,lemmatized/xml/urn:cts:latinLit:phi0969.phi001.perseus-lat2.xml
Petronius Arbiter,Satyricon,37797,lemmatized/xml/urn:cts:latinLit:phi0972.phi001.perseus-lat2.xml
"Petrus Diaconus, of Monte Cassino approximately 1107-approximately 1140",De Locis Santis,5173,lemmatized/xml/urn:cts:latinLit:stoa0227b.stoa001.opp-lat1.xml
Phaedrus,Fables,13348,lemmatized/xml/urn:cts:latinLit:phi0975.phi001.perseus-lat2.xml
Philargirius (Ps.),Breuis expositio Vergilii Georgicorum,22710,lemmatized/xml/urn:cts:latinLit:stoa0228b.stoa002.digilibLT-lat1.xml
"Philastrius Saint, Bishop of Brescia active 383-391",Diversarum hereseon liber,32680,lemmatized/xml/urn:cts:latinLit:stoa0122a.stoa001.opp-lat1.xml
"Plautus, Titus Maccius",Amphitruo,12704,lemmatized/xml/urn:cts:latinLit:phi0119.phi001.perseus-lat2.xml
"Plautus, Titus Maccius",Asinaria,10653,lemmatized/xml/urn:cts:latinLit:phi0119.phi002.perseus-lat2.xml
"Plautus, Titus Maccius",Aulularia,9033,lemmatized/xml/urn:cts:latinLit:phi0119.phi003.perseus-lat2.xml
"Plautus, Titus Maccius",Bacchides,13064,lemmatized/xml/urn:cts:latinLit:phi0119.phi004.perseus-lat2.xml
"Plautus, Titus Maccius",Captivi,11233,lemmatized/xml/urn:cts:latinLit:phi0119.phi005.perseus-lat2.xml
"Plautus, Titus Maccius",Casina,10505,lemmatized/xml/urn:cts:latinLit:phi0119.phi006.perseus-lat2.xml
"Plautus, Titus Maccius",Cistellaria,6928,lemmatized/xml/urn:cts:latinLit:phi0119.phi007.perseus-lat2.xml
"Plautus, Titus Maccius",Curculio,8324,lemmatized/xml/urn:cts:latinLit:phi0119.phi008.perseus-lat2.xml
"Plautus, Titus Maccius",Epidicus,8697,lemmatized/xml/urn:cts:latinLit:phi0119.phi009.perseus-lat2.xml
"Plautus, Titus Maccius",Menaechmi,12904,lemmatized/xml/urn:cts:latinLit:phi0119.phi010.perseus-lat2.xml
"Plautus, Titus Maccius",Mercator,11582,lemmatized/xml/urn:cts:latinLit:phi0119.phi011.perseus-lat2.xml
"Plautus, Titus Maccius",Miles Gloriosus,16853,lemmatized/xml/urn:cts:latinLit:phi0119.phi012.perseus-lat2.xml
"Plautus, Titus Maccius",Mostellaria,13005,lemmatized/xml/urn:cts:latinLit:phi0119.phi013.perseus-lat2.xml
"Plautus, Titus Maccius",Persa,10691,lemmatized/xml/urn:cts:latinLit:phi0119.phi014.perseus-lat2.xml
"Plautus, Titus Maccius",Poenulus,14676,lemmatized/xml/urn:cts:latinLit:phi0119.phi015.perseus-lat2.xml
"Plautus, Titus Maccius",Pseudolus,14721,lemmatized/xml/urn:cts:latinLit:phi0119.phi016.perseus-lat2.xml
"Plautus, Titus Maccius",Rudens,15693,lemmatized/xml/urn:cts:latinLit:phi0119.phi017.perseus-lat2.xml
"Plautus, Titus Maccius",Stichus,8248,lemmatized/xml/urn:cts:latinLit:phi0119.phi018.perseus-lat2.xml
"Plautus, Titus Maccius",Trinummus,12836,lemmatized/xml/urn:cts:latinLit:phi0119.phi019.perseus-lat2.xml
"Plautus, Titus Maccius",Truculentus,10908,lemmatized/xml/urn:cts:latinLit:phi0119.phi020.perseus-lat2.xml
"Pliny, the Elder",Naturalis Historia,487289,lemmatized/xml/urn:cts:latinLit:phi0978.phi001.perseus-lat2.xml
"Pliny, the Younger",Epistulae,79406,lemmatized/xml/urn:cts:latinLit:phi1318.phi001.perseus-lat1.xml
Pomponius 4./5. Jh. n. Chr,Versus Ad Gratiam Domini,1158,lemmatized/xml/urn:cts:latinLit:stoa0233h.stoa001.opp-lat1.xml
Pomponius Mela,De Redito Suo,19703,lemmatized/xml/urn:cts:latinLit:stoa0200.stoa001.latinlibrary-lat1.xml
Pomponius Mela,De chorographia,19153,lemmatized/xml/urn:cts:latinLit:phi0929.phi001.ogl-lat1.xml
Pontius Diaconus,Acta Proconsularia,975,lemmatized/xml/urn:cts:latinLit:stoa0233d.stoa002.opp-lat1.xml
Pontius Diaconus,Vita Caecilii Cypriani,4828,lemmatized/xml/urn:cts:latinLit:stoa0233d.stoa001.opp-lat1.xml
"Porphyrio, Pomponius",Commentem in Horati Carmen Saeculare,1062,lemmatized/xml/urn:cts:latinLit:phi1512.phi003.horatiusNet-lat1.xml
"Porphyrio, Pomponius",Commentum in Horati Artem Poeticam,4033,lemmatized/xml/urn:cts:latinLit:phi1512.phi002.horatiusNet-lat1.xml
"Porphyrio, Pomponius",Commentum in Horati Carmina,38156,lemmatized/xml/urn:cts:latinLit:phi1512.phi001.horatiusNet-lat1.xml
"Porphyrio, Pomponius",Commentum in Horati Epistulas,20885,lemmatized/xml/urn:cts:latinLit:phi1512.phi006.horatiusNet-lat1.xml
"Porphyrio, Pomponius",Commentum in Horati Epodos,9439,lemmatized/xml/urn:cts:latinLit:phi1512.phi004.horatiusNet-lat1.xml
"Porphyrio, Pomponius",Commentum in Horati Sermones,22700,lemmatized/xml/urn:cts:latinLit:phi1512.phi005.horatiusNet-lat1.xml
Priaepia,Priapeia,4285,lemmatized/xml/urn:cts:latinLit:phi1103.phi001.lascivaroma-lat1.xml
Priscillian Bishop of Avila approximately 350-385,Canones (In Pauli Apostoli Epistula Canones A Peregrino Episcopo),6455,lemmatized/xml/urn:cts:latinLit:stoa0234e.stoa001.opp-lat1.xml
Priscillian Bishop of Avila approximately 350-385,Tractatus Undecim,23381,lemmatized/xml/urn:cts:latinLit:stoa0234e.stoa002.opp-lat1.xml
Proba active 4th century,Cento,6209,lemmatized/xml/urn:cts:latinLit:stoa0234f.stoa001.opp-lat1.xml
Probus (Ps.),Vita Vergilii,249,lemmatized/xml/urn:cts:latinLit:phi996.phi004.digilibLT-lat1.xml
Prologi historiarum Philippicarum Pompei Trogi,Epitoma historiarum Philippicarum,71440,lemmatized/xml/urn:cts:latinLit:stoa0167.stoa001.digilibLT-lat1.xml
"Propertius, Sextus",Elegies,30787,lemmatized/xml/urn:cts:latinLit:phi0620.phi001.perseus-lat3.xml
Prudentius b. 348,Apotheosis,8962,lemmatized/xml/urn:cts:latinLit:stoa0238.stoa005.perseus-lat2.xml
Prudentius b. 348,Cathemerina,8968,lemmatized/xml/urn:cts:latinLit:stoa0238.stoa004.perseus-lat2.xml
Prudentius b. 348,Contra Orationem Symmachia,14244,lemmatized/xml/urn:cts:latinLit:stoa0238.stoa007.perseus-lat2.xml
Prudentius b. 348,Dittochaeon,1449,lemmatized/xml/urn:cts:latinLit:stoa0238.stoa008.perseus-lat2.xml
Prudentius b. 348,Epilogus,160,lemmatized/xml/urn:cts:latinLit:stoa0238.stoa009.perseus-lat2.xml
Prudentius b. 348,Hamartigenia,7612,lemmatized/xml/urn:cts:latinLit:stoa0238.stoa006.perseus-lat2.xml
Prudentius b. 348,Liber Peristephanon,21498,lemmatized/xml/urn:cts:latinLit:stoa0238.stoa001.perseus-lat2.xml
Prudentius b. 348,Praefetio,290,lemmatized/xml/urn:cts:latinLit:stoa0238.stoa003.perseus-lat2.xml
Prudentius b. 348,Psychomachia,7132,lemmatized/xml/urn:cts:latinLit:stoa0238.stoa002.perseus-lat2.xml
Pseudo-Acro,Commentem in Horati Carmen Saeculare,2289,lemmatized/xml/urn:cts:latinLit:stoa0004a.stoa002.horatiusNet-lat1.xml
Pseudo-Acro,Commentum in Horati Artem Poeticam,15132,lemmatized/xml/urn:cts:latinLit:stoa0004a.stoa006.horatiusNet-lat1.xml
Pseudo-Acro,Commentum in Horati Carmina,59983,lemmatized/xml/urn:cts:latinLit:stoa0004a.stoa001.horatiusNet-lat1.xml
Pseudo-Acro,Commentum in Horati Epistulas,19406,lemmatized/xml/urn:cts:latinLit:stoa0004a.stoa005.horatiusNet-lat1.xml
Pseudo-Acro,Commentum in Horati Epodos,13576,lemmatized/xml/urn:cts:latinLit:stoa0004a.stoa003.horatiusNet-lat1.xml
Pseudo-Acro,Commentum in Horati Sermones,40132,lemmatized/xml/urn:cts:latinLit:stoa0004a.stoa004.horatiusNet-lat1.xml
Pseudo-Augustinus,Pseudo-Augustini Quaestiones Veteris et Novi Testamenti CXXVII,101794,lemmatized/xml/urn:cts:latinLit:stoa0040a.stoa002.opp-lat1.xml
Pseudo-Augustinus,QVAESTIONES [SANCTI AUGUSTINI] DE UETERI ET NOUO TESTAMENTO,13526,lemmatized/xml/urn:cts:latinLit:stoa0040a.stoa003.opp-lat1.xml
Pseudo-Cyprian active 3rd century,(Cypriani) Ad Quendam Senatorem,729,lemmatized/xml/urn:cts:latinLit:stoa0104p.stoa021.opp-lat1.xml
Pseudo-Cyprian active 3rd century,Ad Novatianum,4583,lemmatized/xml/urn:cts:latinLit:stoa0104p.stoa001.opp-lat1.xml
Pseudo-Cyprian active 3rd century,Ad Vigilium de Iudaica Incredulitate,2650,lemmatized/xml/urn:cts:latinLit:stoa0104p.stoa002.opp-lat1.xml
Pseudo-Cyprian active 3rd century,Adversus Judaeos,2555,lemmatized/xml/urn:cts:latinLit:stoa0104p.stoa020.opp-lat1.xml
Pseudo-Cyprian active 3rd century,Carmina,7525,lemmatized/xml/urn:cts:latinLit:stoa0104p.stoa003.opp-lat2.xml
Pseudo-Cyprian active 3rd century,De Disciplina et bono pudicitiae,2867,lemmatized/xml/urn:cts:latinLit:stoa0104p.stoa005.opp-lat1.xml
Pseudo-Cyprian active 3rd century,De Laude Martyrii,5457,lemmatized/xml/urn:cts:latinLit:stoa0104p.stoa007.opp-lat1.xml
Pseudo-Cyprian active 3rd century,De Pascha Computus,5712,lemmatized/xml/urn:cts:latinLit:stoa0104p.stoa009.opp-lat1.xml
Pseudo-Cyprian active 3rd century,De Rebaptismate,7741,lemmatized/xml/urn:cts:latinLit:stoa0104p.stoa010.opp-lat1.xml
Pseudo-Cyprian active 3rd century,De Singularitate clericorum,13337,lemmatized/xml/urn:cts:latinLit:stoa0104p.stoa011.opp-lat1.xml
Pseudo-Cyprian active 3rd century,De Spectaculis,2289,lemmatized/xml/urn:cts:latinLit:stoa0104p.stoa013.opp-lat1.xml
Pseudo-Cyprian active 3rd century,De XII Abusionibus saeculi,4897,lemmatized/xml/urn:cts:latinLit:stoa0104p.stoa014.opp-lat1.xml
Pseudo-Cyprian active 3rd century,De duplici Martyrio,10046,lemmatized/xml/urn:cts:latinLit:stoa0104p.stoa006.opp-lat1.xml
Pseudo-Cyprian active 3rd century,"De montibus Sina et Sion, adversus Judaeos",3342,lemmatized/xml/urn:cts:latinLit:stoa0104p.stoa008.opp-lat1.xml
Pseudo-Cyprian active 3rd century,Epistulae,2460,lemmatized/xml/urn:cts:latinLit:stoa0104p.stoa016.opp-lat1.xml
Pseudo-Cyprian active 3rd century,Liber de Aleatoribus,2430,lemmatized/xml/urn:cts:latinLit:stoa0104p.stoa018.opp-lat1.xml
Pseudo-Cyprian active 3rd century,Oratio I,446,lemmatized/xml/urn:cts:latinLit:stoa0104p.stoa019.opp-lat1.xml
Pseudo-Cyprian active 3rd century,Oratio II,1066,lemmatized/xml/urn:cts:latinLit:stoa0104p.stoa015.opp-lat1.xml
Pseudo-Hilarius,De Evangelio,938,lemmatized/xml/urn:cts:latinLit:stoa0149p.stoa001.opp-lat1.xml
Pseudo-Hilarius,De Martyrio Maccabeorum,3458,lemmatized/xml/urn:cts:latinLit:stoa0149p.stoa002.opp-lat1.xml
Pseudo-Hilarius,In Genesin Ad Leonem Papam,1614,lemmatized/xml/urn:cts:latinLit:stoa0149p.stoa003.opp-lat1.xml
Pseudo-Sulpicius Severus,Epistolae Septem,9421,lemmatized/xml/urn:cts:latinLit:stoa0270p.stoa001.opp-lat1.xml
Pseudo-Tertullian,Ad Uxorem,4979,lemmatized/xml/urn:cts:latinLit:stoa0276.stoa002.opp-lat1.xml
Pseudo-Tertullian,Adversus Omnes Haereses,3114,lemmatized/xml/urn:cts:latinLit:stoa0276.stoa003.opp-lat2.xml
Pseudo-Tertullian,Carmen De Iona et Ninive,867,lemmatized/xml/urn:cts:latinLit:stoa0276.stoa006.opp-lat1.xml
Pseudo-Tertullian,Incerti Auctoris Carmen Sodoma,1340,lemmatized/xml/urn:cts:latinLit:stoa0276.stoa010.opp-lat1.xml
"Pseudo-Victor, Vitensis",Notitia Provinciarum et Civitatum Africae,1898,lemmatized/xml/urn:cts:latinLit:stoa0292p.stoa002.opp-lat1.xml
"Pseudo-Victor, Vitensis",Passio septem monachorum,1416,lemmatized/xml/urn:cts:latinLit:stoa0292p.stoa001.opp-lat1.xml
Publius Terentius Afer,Andria,11929,lemmatized/xml/urn:cts:latinLit:phi0134.phi001.perseus-lat2.xml
Publius Terentius Afer,Phormio,12828,lemmatized/xml/urn:cts:latinLit:phi0134.phi004.perseus-lat2.xml
Publius Terentius Afer,The Brothers,11906,lemmatized/xml/urn:cts:latinLit:phi0134.phi006.perseus-lat2.xml
Publius Terentius Afer,The Eunuch,13338,lemmatized/xml/urn:cts:latinLit:phi0134.phi003.perseus-lat2.xml
Publius Terentius Afer,The Mother-in-Law,9928,lemmatized/xml/urn:cts:latinLit:phi0134.phi005.perseus-lat2.xml
Publius Terentius Afer,The Self-Tormenter,13014,lemmatized/xml/urn:cts:latinLit:phi0134.phi002.perseus-lat2.xml
Quintilian,Declamationes Maiores,84469,lemmatized/xml/urn:cts:latinLit:phi1002.phi003.latinlibrary-lat1.xml
Quintilian,Institutio Oratoria,209263,lemmatized/xml/urn:cts:latinLit:phi1002.phi001.perseus-lat2.xml
Quintus Aurelius Symmachus,Relationes,15453,lemmatized/xml/urn:cts:latinLit:stoa0271.stoa001.digilibLT-lat1.xml
Quintus Tullius Cicero,Commentariolum Petitionis,5010,lemmatized/xml/urn:cts:latinLit:phi0478.phi003.perseus-lat2.xml
Remigius of Auxerre ca. 841-908,Expositione in Paschale Carmen,15463,lemmatized/xml/urn:cts:latinLit:stoa0241d.stoa002.opp-lat1.xml
Rufinus of Aquileia 345-410,Interpretatio Orationum Gregorii Nazianzeni,27763,lemmatized/xml/urn:cts:latinLit:stoa0244d.stoa005.opp-lat1.xml
"Ruricius I, Bishop of Limoges -approximately 507",Epistulae,24234,lemmatized/xml/urn:cts:latinLit:stoa0245a.stoa001.opp-lat1.xml
Rusticus Presbyter 5. Jh,Epistula ad Eucherium Lugdunensem‏,334,lemmatized/xml/urn:cts:latinLit:stoa0245c.stoa001.opp-lat1.xml
Rutilius Namatianus,De Redito Suo,4759,lemmatized/xml/urn:cts:latinLit:stoa0247.stoa001.thayer-lat1.xml
Sallust,Bellum Iugurthinum,25411,lemmatized/xml/urn:cts:latinLit:phi0631.phi002.perseus-lat3.xml
Sallust,Bellum Iugurthinum,25418,lemmatized/xml/urn:cts:latinLit:phi0631.phi002.perseus-lat4.xml
Sallust,Catilinae Coniuratio,12926,lemmatized/xml/urn:cts:latinLit:phi0631.phi001.perseus-lat4.xml
Sallust,Catilinae Coniuratio,12778,lemmatized/xml/urn:cts:latinLit:phi0631.phi001.perseus-lat3.xml
Sallust,Epistulae ad Caesarem ,4754,lemmatized/xml/urn:cts:latinLit:phi0631.phi007.thayer-lat1.xml
Sallust,Historiae,4860,lemmatized/xml/urn:cts:latinLit:phi0631.phi003.perseus-lat2.xml
Sallust,In Ciceronem,882,lemmatized/xml/urn:cts:latinLit:phi0631.phi008.thayer-lat1.xml
Salvian of Marseilles approximately 400-approximately 480,Ad Ecclesiam Libri IIII,25916,lemmatized/xml/urn:cts:latinLit:stoa0249a.stoa004.opp-lat1.xml
Salvian of Marseilles approximately 400-approximately 480,De Gubernatione Dei,53162,lemmatized/xml/urn:cts:latinLit:stoa0249a.stoa002.opp-lat1.xml
Salvian of Marseilles approximately 400-approximately 480,Epistulae. Selections.,6441,lemmatized/xml/urn:cts:latinLit:stoa0249a.stoa003.opp-lat2.xml
Salvian of Marseilles approximately 400-approximately 480,Epistulae. Selections.,202,lemmatized/xml/urn:cts:latinLit:stoa0249a.stoa003.opp-lat1.xml
Sanctus Ambrosius,Apologia Altera Prophetae David,11930,lemmatized/xml/urn:cts:latinLit:stoa0022.stoa014.opp-lat1.xml
Sanctus Ambrosius,Apologia Prophetae David Ad Theodosium Augustum,11837,lemmatized/xml/urn:cts:latinLit:stoa0022.stoa015.opp-lat1.xml
Sanctus Ambrosius,De Benedictionibus Patriarcharum Liber Unus,7706,lemmatized/xml/urn:cts:latinLit:stoa0022.stoa019.opp-lat1.xml
Sanctus Ambrosius,De Cain et Abel,17667,lemmatized/xml/urn:cts:latinLit:stoa0022.stoa021.opp-lat1.xml
Sanctus Ambrosius,De Fuga Saeculi,10083,lemmatized/xml/urn:cts:latinLit:stoa0022.stoa029.opp-lat1.xml
Sanctus Ambrosius,De Helia et Ieiunio,10600,lemmatized/xml/urn:cts:latinLit:stoa0022.stoa025.opp-lat1.xml
Sanctus Ambrosius,De Iacob,15330,lemmatized/xml/urn:cts:latinLit:stoa0022.stoa034.opp-lat1.xml
Sanctus Ambrosius,De Interpellatione Iob et David,20531,lemmatized/xml/urn:cts:latinLit:stoa0022.stoa032.opp-lat1.xml
Sanctus Ambrosius,De Joseph,11418,lemmatized/xml/urn:cts:latinLit:stoa0022.stoa035.opp-lat1.xml
Sanctus Ambrosius,De Nabuthae,9644,lemmatized/xml/urn:cts:latinLit:stoa0022.stoa038.opp-lat1.xml
Sanctus Ambrosius,De Noe,20783,lemmatized/xml/urn:cts:latinLit:stoa0022.stoa039.opp-lat1.xml
Sanctus Ambrosius,De Paradiso,16294,lemmatized/xml/urn:cts:latinLit:stoa0022.stoa042.opp-lat1.xml
Sanctus Ambrosius,De Tobia,12331,lemmatized/xml/urn:cts:latinLit:stoa0022.stoa044.opp-lat1.xml
Sanctus Ambrosius,Exameron,60051,lemmatized/xml/urn:cts:latinLit:stoa0022.stoa054.opp-lat1.xml
Sanctus Ambrosius,Explanatio Psalmorum XII,114341,lemmatized/xml/urn:cts:latinLit:stoa0022.stoa048.opp-lat1.xml
Sanctus Ambrosius,Expositio Evangelii secundum Lucan,124985,lemmatized/xml/urn:cts:latinLit:stoa0022.stoa051.opp-lat1.xml
Sanctus Ambrosius,Expositio Psalmi CXVIII,141139,lemmatized/xml/urn:cts:latinLit:stoa0022.stoa052.opp-lat1.xml
Scribonius Largus,Compositions Médicales,29645,lemmatized/xml/urn:cts:latinLit:phi1011.phi001.lascivaroma-lat1.xml
Secundinus Manichaeus,Epistula Secundini ad Augustinum,2078,lemmatized/xml/urn:cts:latinLit:stoa0251.stoa001.opp-lat1.xml
Sedulius active 5th century,Carmen Paschale,13360,lemmatized/xml/urn:cts:latinLit:stoa0252.stoa002.opp-lat1.xml
Sedulius active 5th century,De Verbi Incarnatione,1282,lemmatized/xml/urn:cts:latinLit:stoa0252.stoa003.opp-lat2.xml
Sedulius active 5th century,De Verbi Incarnatione,969,lemmatized/xml/urn:cts:latinLit:stoa0252.stoa003.opp-lat1.xml
Sedulius active 5th century,Epistola ad Macedonium,513,lemmatized/xml/urn:cts:latinLit:stoa0252.stoa006.opp-lat2.xml
Sedulius active 5th century,Epistola ad Macedonium,1305,lemmatized/xml/urn:cts:latinLit:stoa0252.stoa006.opp-lat1.xml
Sedulius active 5th century,Hymnus I.,890,lemmatized/xml/urn:cts:latinLit:stoa0252.stoa007.opp-lat1.xml
Sedulius active 5th century,Hymnus II. (A solis ortus cardine),366,lemmatized/xml/urn:cts:latinLit:stoa0252.stoa001.opp-lat1.xml
Sedulius active 5th century,Opus Paschale,23236,lemmatized/xml/urn:cts:latinLit:stoa0252.stoa008.opp-lat1.xml
"Seneca, Lucius Annaeus (Plays)",Agamemnon,6840,lemmatized/xml/urn:cts:latinLit:phi1017.phi007.perseus-lat2.xml
"Seneca, Lucius Annaeus (Plays)",Apocolocyntosis,3686,lemmatized/xml/urn:cts:latinLit:phi1017.phi011.perseus-lat2.xml
"Seneca, Lucius Annaeus (Plays)",De Beneficiis,56948,lemmatized/xml/urn:cts:latinLit:phi1017.phi013.perseus-lat2.xml
"Seneca, Lucius Annaeus (Plays)",De Clementia,10257,lemmatized/xml/urn:cts:latinLit:phi1017.phi014.perseus-lat2.xml
"Seneca, Lucius Annaeus (Plays)",Epistulae,148151,lemmatized/xml/urn:cts:latinLit:phi1017.phi015.perseus-lat2.xml
"Seneca, Lucius Annaeus (Plays)",Hercules Furens,9340,lemmatized/xml/urn:cts:latinLit:phi1017.phi001.perseus-lat2.xml
"Seneca, Lucius Annaeus (Plays)",Hercules Oetaeus,13963,lemmatized/xml/urn:cts:latinLit:phi1017.phi009.perseus-lat2.xml
"Seneca, Lucius Annaeus (Plays)",Medea,7151,lemmatized/xml/urn:cts:latinLit:phi1017.phi004.perseus-lat2.xml
"Seneca, Lucius Annaeus (Plays)",Naturales quaestiones,56812,lemmatized/xml/urn:cts:latinLit:phi1017.phi016.corpuscorporum-lat1.xml
"Seneca, Lucius Annaeus (Plays)",Octavia,6404,lemmatized/xml/urn:cts:latinLit:phi1017.phi010.perseus-lat2.xml
"Seneca, Lucius Annaeus (Plays)",Oedipus,7326,lemmatized/xml/urn:cts:latinLit:phi1017.phi006.perseus-lat2.xml
"Seneca, Lucius Annaeus (Plays)",Phaedra,8725,lemmatized/xml/urn:cts:latinLit:phi1017.phi005.perseus-lat2.xml
"Seneca, Lucius Annaeus (Plays)",Phoenissae,5045,lemmatized/xml/urn:cts:latinLit:phi1017.phi003.perseus-lat2.xml
"Seneca, Lucius Annaeus (Plays)",Thyestes,7745,lemmatized/xml/urn:cts:latinLit:phi1017.phi008.perseus-lat2.xml
"Seneca, Lucius Annaeus (Plays)",Troades Furens,8494,lemmatized/xml/urn:cts:latinLit:phi1017.phi002.perseus-lat2.xml
"Seneca, Lucius Annaeus, 55 B.C.-ca. 39 A.D.",Controversiae,83451,lemmatized/xml/urn:cts:latinLit:phi1014.phi001.perseus-lat1.xml
"Seneca, Lucius Annaeus, 55 B.C.-ca. 39 A.D.",Excerpta Controversiae,26508,lemmatized/xml/urn:cts:latinLit:phi1014.phi002.perseus-lat1.xml
"Seneca, Lucius Annaeus, 55 B.C.-ca. 39 A.D.",Fragmenta,163,lemmatized/xml/urn:cts:latinLit:phi1014.phi004.perseus-lat1.xml
"Seneca, Lucius Annaeus, 55 B.C.-ca. 39 A.D.",Suasoriae,12567,lemmatized/xml/urn:cts:latinLit:phi1014.phi003.perseus-lat1.xml
"Seneca, Lucius Annaeus",de Brevitate Vitae,7484,lemmatized/xml/urn:cts:latinLit:stoa0255.stoa004.perseus-lat2.xml
"Seneca, Lucius Annaeus",de Constantia,6305,lemmatized/xml/urn:cts:latinLit:stoa0255.stoa009.perseus-lat2.xml
"Seneca, Lucius Annaeus",de Ira,27277,lemmatized/xml/urn:cts:latinLit:stoa0255.stoa010.perseus-lat2.xml
"Seneca, Lucius Annaeus",de Otio Sapientis,2386,lemmatized/xml/urn:cts:latinLit:stoa0255.stoa011.perseus-lat2.xml
"Seneca, Lucius Annaeus",de Providentia,4929,lemmatized/xml/urn:cts:latinLit:stoa0255.stoa012.perseus-lat2.xml
"Seneca, Lucius Annaeus",de Tranquilitate Animi,9149,lemmatized/xml/urn:cts:latinLit:stoa0255.stoa013.perseus-lat2.xml
"Seneca, Lucius Annaeus",de Vita Beata,8935,lemmatized/xml/urn:cts:latinLit:stoa0255.stoa014.perseus-lat2.xml
"Seneca, Lucius Annaeus",de consolatione ad Helviam,8152,lemmatized/xml/urn:cts:latinLit:stoa0255.stoa006.perseus-lat2.xml
"Seneca, Lucius Annaeus",de consolatione ad Marciam,10230,lemmatized/xml/urn:cts:latinLit:stoa0255.stoa007.perseus-lat2.xml
"Seneca, Lucius Annaeus",de consolatione ad Polybium,6744,lemmatized/xml/urn:cts:latinLit:stoa0255.stoa008.perseus-lat2.xml
Servius,Commentarius in Vergilii Aeneidos libros,241371,lemmatized/xml/urn:cts:latinLit:stoa0259.stoa002.digilibLT-lat1.xml
Servius,In Vergilii Bucolicon Librum,36224,lemmatized/xml/urn:cts:latinLit:phi2349.phi006.perseus-lat1.xml
Servius,In Vergilii Georgicon Libros,69399,lemmatized/xml/urn:cts:latinLit:phi2349.phi007.perseus-lat1.xml
Servius,In Vergilii carmina commentarii,370628,lemmatized/xml/urn:cts:latinLit:phi2349.phi005.perseus-lat1.xml
"Severus, Sulpicius",Chronica,29555,lemmatized/xml/urn:cts:latinLit:stoa0270.stoa001.opp-lat1.xml
"Severus, Sulpicius",Dialogi,18256,lemmatized/xml/urn:cts:latinLit:stoa0270.stoa003.opp-lat2.xml
"Severus, Sulpicius",Epistolae (Tres),3391,lemmatized/xml/urn:cts:latinLit:stoa0270.stoa005.opp-lat1.xml
"Severus, Sulpicius",Vita Sancti Martini,8033,lemmatized/xml/urn:cts:latinLit:stoa0270.stoa002.opp-lat2.xml
Sextus Aurelius Victor,Liber de Caesaribus,12776,lemmatized/xml/urn:cts:latinLit:stoa0043.stoa001.digilibLT-lat1.xml
"Silius Italicus, Tiberius Catius",Punica,92564,lemmatized/xml/urn:cts:latinLit:phi1345.phi001.perseus-lat2.xml
"Statius, P. Papinius (Publius Papinius)",Achilleis,8941,lemmatized/xml/urn:cts:latinLit:phi1020.phi003.perseus-lat2.xml
"Statius, P. Papinius (Publius Papinius)",Silvae,30493,lemmatized/xml/urn:cts:latinLit:phi1020.phi002.perseus-lat2.xml
"Statius, P. Papinius (Publius Papinius)",Thebais,77948,lemmatized/xml/urn:cts:latinLit:phi1020.phi001.perseus-lat2.xml
Suetonius ca. 69-ca. 122,Caligula,9189,lemmatized/xml/urn:cts:latinLit:phi1348.abo014.perseus-lat2.xml
Suetonius ca. 69-ca. 122,De Grammaticis,3545,lemmatized/xml/urn:cts:latinLit:phi1348.phi005a.thayer-lat1.xml
Suetonius ca. 69-ca. 122,De Poetis,4277,lemmatized/xml/urn:cts:latinLit:phi1348.phi002.thayer-lat1.xml
Suetonius ca. 69-ca. 122,De Rhetoribus,1356,lemmatized/xml/urn:cts:latinLit:phi1348.phi005b.thayer-lat1.xml
Suetonius ca. 69-ca. 122,Divus Augustus,16287,lemmatized/xml/urn:cts:latinLit:phi1348.abo012.perseus-lat2.xml
Suetonius ca. 69-ca. 122,Divus Claudius,7752,lemmatized/xml/urn:cts:latinLit:phi1348.abo015.perseus-lat2.xml
Suetonius ca. 69-ca. 122,Divus Julius,11456,lemmatized/xml/urn:cts:latinLit:phi1348.abo011.perseus-lat2.xml
Suetonius ca. 69-ca. 122,Divus Titus,1759,lemmatized/xml/urn:cts:latinLit:phi1348.abo021.perseus-lat2.xml
Suetonius ca. 69-ca. 122,Divus Vespasianus,3818,lemmatized/xml/urn:cts:latinLit:phi1348.abo020.perseus-lat2.xml
Suetonius ca. 69-ca. 122,Domitianus,4275,lemmatized/xml/urn:cts:latinLit:phi1348.abo022.perseus-lat2.xml
Suetonius ca. 69-ca. 122,Galba,3357,lemmatized/xml/urn:cts:latinLit:phi1348.abo017.perseus-lat2.xml
Suetonius ca. 69-ca. 122,Nero,9358,lemmatized/xml/urn:cts:latinLit:phi1348.abo016.perseus-lat2.xml
Suetonius ca. 69-ca. 122,Otho,1969,lemmatized/xml/urn:cts:latinLit:phi1348.abo018.perseus-lat2.xml
Suetonius ca. 69-ca. 122,Tiberius,10952,lemmatized/xml/urn:cts:latinLit:phi1348.abo013.perseus-lat2.xml
Suetonius ca. 69-ca. 122,Vitellius,2831,lemmatized/xml/urn:cts:latinLit:phi1348.abo019.perseus-lat2.xml
"Tacitus, Cornelius",Agricola,8039,lemmatized/xml/urn:cts:latinLit:phi1351.phi001.perseus-lat1.xml
"Tacitus, Cornelius",Annales,104990,lemmatized/xml/urn:cts:latinLit:phi1351.phi005.lascivaroma-lat1.xml
"Tacitus, Cornelius",Germania,6686,lemmatized/xml/urn:cts:latinLit:phi1351.phi002.perseus-lat1.xml
"Tacitus, Cornelius",Historiae,61561,lemmatized/xml/urn:cts:latinLit:phi1351.phi004.perseus-lat2.xml
Tertullian ca. 160-ca. 230,Ad Martyras,1798,lemmatized/xml/urn:cts:latinLit:stoa0275.stoa001.opp-lat1.xml
Tertullian ca. 160-ca. 230,Ad Nationes Libri Duo,18340,lemmatized/xml/urn:cts:latinLit:stoa0275.stoa002.opp-lat2.xml
Tertullian ca. 160-ca. 230,Ad Nationes Libri Duo,17948,lemmatized/xml/urn:cts:latinLit:stoa0275.stoa002.opp-lat1.xml
Tertullian ca. 160-ca. 230,Ad Scapulam,1797,lemmatized/xml/urn:cts:latinLit:stoa0275.stoa003.opp-lat1.xml
Tertullian ca. 160-ca. 230,Adversus Hermogenem,13785,lemmatized/xml/urn:cts:latinLit:stoa0275.stoa004.opp-lat2.xml
Tertullian ca. 160-ca. 230,Adversus Hermogenem,13247,lemmatized/xml/urn:cts:latinLit:stoa0275.stoa004.opp-lat1.xml
Tertullian ca. 160-ca. 230,Adversus Judaeos Liber,13362,lemmatized/xml/urn:cts:latinLit:stoa0275.stoa005.opp-lat1.xml
Tertullian ca. 160-ca. 230,Adversus Marcionem,98605,lemmatized/xml/urn:cts:latinLit:stoa0275.stoa006.opp-lat1.xml
Tertullian ca. 160-ca. 230,Adversus Marcionem,101269,lemmatized/xml/urn:cts:latinLit:stoa0275.stoa006.opp-lat2.xml
Tertullian ca. 160-ca. 230,Adversus Praxean,18078,lemmatized/xml/urn:cts:latinLit:stoa0275.stoa007.opp-lat1.xml
Tertullian ca. 160-ca. 230,Adversus Praxean,17793,lemmatized/xml/urn:cts:latinLit:stoa0275.stoa007.opp-lat2.xml
Tertullian ca. 160-ca. 230,Adversus Valentinianos,7840,lemmatized/xml/urn:cts:latinLit:stoa0275.stoa008.opp-lat2.xml
Tertullian ca. 160-ca. 230,Adversus Valentinianos,7751,lemmatized/xml/urn:cts:latinLit:stoa0275.stoa008.opp-lat1.xml
Tertullian ca. 160-ca. 230,Apologeticum,23685,lemmatized/xml/urn:cts:latinLit:stoa0275.stoa009.perseus-lat2.xml
Tertullian ca. 160-ca. 230,De Anima,28375,lemmatized/xml/urn:cts:latinLit:stoa0275.stoa010.opp-lat1.xml
Tertullian ca. 160-ca. 230,De Anima,27833,lemmatized/xml/urn:cts:latinLit:stoa0275.stoa010.opp-lat2.xml
Tertullian ca. 160-ca. 230,De Baptismo,5105,lemmatized/xml/urn:cts:latinLit:stoa0275.stoa011.opp-lat2.xml
Tertullian ca. 160-ca. 230,De Baptismo,5172,lemmatized/xml/urn:cts:latinLit:stoa0275.stoa011.opp-lat1.xml
Tertullian ca. 160-ca. 230,De Carne Christi,11311,lemmatized/xml/urn:cts:latinLit:stoa0275.stoa012.opp-lat1.xml
Tertullian ca. 160-ca. 230,De Carnis Resurrectione,27027,lemmatized/xml/urn:cts:latinLit:stoa0275.stoa026.opp-lat1.xml
Tertullian ca. 160-ca. 230,De Carnis Resurrectione,27332,lemmatized/xml/urn:cts:latinLit:stoa0275.stoa026.opp-lat2.xml
Tertullian ca. 160-ca. 230,De Corona,5850,lemmatized/xml/urn:cts:latinLit:stoa0275.stoa013.opp-lat1.xml
Tertullian ca. 160-ca. 230,De Cultu Feminarum,6042,lemmatized/xml/urn:cts:latinLit:stoa0275.stoa014.opp-lat1.xml
Tertullian ca. 160-ca. 230,De Exhortatione Castitatis Liber,4637,lemmatized/xml/urn:cts:latinLit:stoa0275.stoa015.opp-lat1.xml
Tertullian ca. 160-ca. 230,De Fuga in Persecutione,6416,lemmatized/xml/urn:cts:latinLit:stoa0275.stoa016.opp-lat1.xml
Tertullian ca. 160-ca. 230,De Ieiunio Adversus Psychicos,6924,lemmatized/xml/urn:cts:latinLit:stoa0275.stoa018.opp-lat2.xml
Tertullian ca. 160-ca. 230,De Ieiunio Adversus Psychicos,6920,lemmatized/xml/urn:cts:latinLit:stoa0275.stoa018.opp-lat1.xml
Tertullian ca. 160-ca. 230,De Monogamia,8348,lemmatized/xml/urn:cts:latinLit:stoa0275.stoa019.opp-lat1.xml
Tertullian ca. 160-ca. 230,De Oratione,5387,lemmatized/xml/urn:cts:latinLit:stoa0275.stoa020.opp-lat2.xml
Tertullian ca. 160-ca. 230,De Oratione,5483,lemmatized/xml/urn:cts:latinLit:stoa0275.stoa020.opp-lat1.xml
Tertullian ca. 160-ca. 230,De Paenitentia,4917,lemmatized/xml/urn:cts:latinLit:stoa0275.stoa021.opp-lat1.xml
Tertullian ca. 160-ca. 230,De Pallio,4131,lemmatized/xml/urn:cts:latinLit:stoa0275.stoa022.opp-lat1.xml
Tertullian ca. 160-ca. 230,De Patientia,5497,lemmatized/xml/urn:cts:latinLit:stoa0275.stoa023.opp-lat2.xml
Tertullian ca. 160-ca. 230,De Patientia,5443,lemmatized/xml/urn:cts:latinLit:stoa0275.stoa023.opp-lat1.xml
Tertullian ca. 160-ca. 230,De Praescriptionibus Hereticorum,9863,lemmatized/xml/urn:cts:latinLit:stoa0275.stoa024.opp-lat1.xml
Tertullian ca. 160-ca. 230,De Pudicitia,16019,lemmatized/xml/urn:cts:latinLit:stoa0275.stoa025.opp-lat2.xml
Tertullian ca. 160-ca. 230,De Pudicitia,16187,lemmatized/xml/urn:cts:latinLit:stoa0275.stoa025.opp-lat1.xml
Tertullian ca. 160-ca. 230,De Spectaculis,7543,lemmatized/xml/urn:cts:latinLit:stoa0275.stoa027.perseus-lat2.xml
Tertullian ca. 160-ca. 230,De Spectaculis,7591,lemmatized/xml/urn:cts:latinLit:stoa0275.stoa027.opp-lat2.xml
Tertullian ca. 160-ca. 230,De Testimionio Animae,2671,lemmatized/xml/urn:cts:latinLit:stoa0275.stoa028.opp-lat1.xml
Tertullian ca. 160-ca. 230,De Testimionio Animae,2670,lemmatized/xml/urn:cts:latinLit:stoa0275.stoa028.opp-lat2.xml
Tertullian ca. 160-ca. 230,De Virginibus Velandis,6694,lemmatized/xml/urn:cts:latinLit:stoa0275.stoa029.opp-lat1.xml
Tertullian ca. 160-ca. 230,De idolatria,8233,lemmatized/xml/urn:cts:latinLit:stoa0275.stoa017.opp-lat2.xml
Tertullian ca. 160-ca. 230,De idolatria,8291,lemmatized/xml/urn:cts:latinLit:stoa0275.stoa017.opp-lat1.xml
Tertullian ca. 160-ca. 230,Scorpiace,9536,lemmatized/xml/urn:cts:latinLit:stoa0275.stoa030.opp-lat1.xml
Tertullian ca. 160-ca. 230,Scorpiace,9589,lemmatized/xml/urn:cts:latinLit:stoa0275.stoa030.opp-lat2.xml
Testamentum Porcelli,Testamentum Porcelli,389,lemmatized/xml/urn:cts:latinLit:stoa0349.stoa001.digilibLT-lat1.xml
Theodorus Priscianus,Euporiston,34472,lemmatized/xml/urn:cts:latinLit:stoa0234b.stoa001.digilibLT-lat1.xml
Theodorus Priscianus,Physica (Fragmenta),1029,lemmatized/xml/urn:cts:latinLit:stoa0234b.stoa002.digilibLT-lat1.xml
Theodosius active 6th century,De Situ Terrae Sanctae,2982,lemmatized/xml/urn:cts:latinLit:stoa0278a.stoa001.opp-lat1.xml
Titus Livius (Livy),The History of Rome,614940,lemmatized/xml/urn:cts:latinLit:phi0914.phi001.perseus-lat2.xml
"Valerius Flaccus, Gaius",Argonautica,45591,lemmatized/xml/urn:cts:latinLit:phi1035.phi001.perseus-lat2.xml
"Varro, Marcus Terentius",De Lingua Latina,49359,lemmatized/xml/urn:cts:latinLit:phi0684.phi001.remacle-lat1.xml
"Varro, Marcus Terentius",Rerum rusticarum,42530,lemmatized/xml/urn:cts:latinLit:phi0684.phi002.thayer-lat1.xml
Varro,Rerum rusticarum,42572,lemmatized/xml/urn:cts:latinLit:phi0684.phi002.ogl-lat1.xml
Velleius Paterculus,Historiae Romanae,31213,lemmatized/xml/urn:cts:latinLit:stoa0289.stoa001.thayer-lat1.xml
Victor Vitensis active 5th century,Historia persecutionis Africanae provinciae,24145,lemmatized/xml/urn:cts:latinLit:stoa0292d.stoa001.opp-lat1.xml
"Victor, Claudius Marius active 5th century",Alethia,14761,lemmatized/xml/urn:cts:latinLit:stoa0292b.stoa001.opp-lat2.xml
"Victor, Claudius Marius active 5th century",Alethia,15671,lemmatized/xml/urn:cts:latinLit:stoa0292b.stoa001.opp-lat1.xml
"Victorinus Saint, Bishop of Poetovio -304?",Commentarii in Apocalypsin,22983,lemmatized/xml/urn:cts:latinLit:stoa0292e.stoa001.opp-lat1.xml
"Victorinus Saint, Bishop of Poetovio -304?",Tractatus de Fabrica Mundi,1579,lemmatized/xml/urn:cts:latinLit:stoa0292e.stoa002.opp-lat1.xml
"Victorinus, Marius",De Machabeis,3294,lemmatized/xml/urn:cts:latinLit:stoa0292a.stoa004.opp-lat1.xml
Vindicianus,Epistula ad Pentadium nepotem suum,867,lemmatized/xml/urn:cts:latinLit:stoa0293b.stoa001.digilibLT-lat1.xml
Vindicianus,Epitome anonyma (quae gynaecia uocatur) recensio M,1388,lemmatized/xml/urn:cts:latinLit:stoa0293b.stoa003.digilibLT-lat1.xml
Vindicianus,Expositionis membrorum epitome anonyma altera uberior,3731,lemmatized/xml/urn:cts:latinLit:stoa0293b.stoa005.digilibLT-lat1.xml
Vinidarius,Excerpta: appendix Apicii,1667,lemmatized/xml/urn:cts:latinLit:stoa0293i.stoa001.digilibLT-lat1.xml
Virgil,Aeneid,78800,lemmatized/xml/urn:cts:latinLit:phi0690.phi003.perseus-lat2.xml
Virgil,Eclogues,7305,lemmatized/xml/urn:cts:latinLit:phi0690.phi001.perseus-lat2.xml
Virgil,Georgics,16892,lemmatized/xml/urn:cts:latinLit:phi0690.phi002.perseus-lat2.xml
Vita Vergilii (Bernensis),Vita Vergilii (Bernensis),155,lemmatized/xml/urn:cts:latinLit:stoa0359.stoa004.digilibLT-lat1.xml
Vitruvius Pollio,On Architecture,68171,lemmatized/xml/urn:cts:latinLit:phi1056.phi001.perseus-lat1.xml
"Vopiscus, Flavius fl. 3./4. Jh.",Alexander Severus,12729,lemmatized/xml/urn:cts:latinLit:phi2331.phi018.perseus-lat2.xml
"Vopiscus, Flavius fl. 3./4. Jh.",Antoninus Caracalla,2407,lemmatized/xml/urn:cts:latinLit:phi2331.phi013.perseus-lat2.xml
"Vopiscus, Flavius fl. 3./4. Jh.",Antoninus Geta,1470,lemmatized/xml/urn:cts:latinLit:phi2331.phi014.perseus-lat2.xml
"Vopiscus, Flavius fl. 3./4. Jh.",Antoninus Heliogobalus,6794,lemmatized/xml/urn:cts:latinLit:phi2331.phi017.perseus-lat2.xml
"Vopiscus, Flavius fl. 3./4. Jh.",Antoninus Pius,2649,lemmatized/xml/urn:cts:latinLit:phi2331.phi003.perseus-lat2.xml
"Vopiscus, Flavius fl. 3./4. Jh.",Avidius Casius,3105,lemmatized/xml/urn:cts:latinLit:phi2331.phi006.perseus-lat2.xml
"Vopiscus, Flavius fl. 3./4. Jh.",Carus et Carinus et Numerianus,3146,lemmatized/xml/urn:cts:latinLit:phi2331.phi030.perseus-lat2.xml
"Vopiscus, Flavius fl. 3./4. Jh.",Clodinus Albinus,3189,lemmatized/xml/urn:cts:latinLit:phi2331.phi012.perseus-lat2.xml
"Vopiscus, Flavius fl. 3./4. Jh.",Commodus Antoninus,4146,lemmatized/xml/urn:cts:latinLit:phi2331.phi007.perseus-lat2.xml
"Vopiscus, Flavius fl. 3./4. Jh.",De Vita Hadriani,6013,lemmatized/xml/urn:cts:latinLit:phi2331.phi001.perseus-lat2.xml
"Vopiscus, Flavius fl. 3./4. Jh.",Diadumenus Antoninus,1972,lemmatized/xml/urn:cts:latinLit:phi2331.phi016.perseus-lat2.xml
"Vopiscus, Flavius fl. 3./4. Jh.",Didius Julianus,1868,lemmatized/xml/urn:cts:latinLit:phi2331.phi009.perseus-lat2.xml
"Vopiscus, Flavius fl. 3./4. Jh.",Divus Aurelianus,9350,lemmatized/xml/urn:cts:latinLit:phi2331.phi026.perseus-lat2.xml
"Vopiscus, Flavius fl. 3./4. Jh.",Divus Claudius,3607,lemmatized/xml/urn:cts:latinLit:phi2331.phi025.perseus-lat2.xml
"Vopiscus, Flavius fl. 3./4. Jh.","Firmus Saturninus, Proculus et Bonosus",2791,lemmatized/xml/urn:cts:latinLit:phi2331.phi029.perseus-lat2.xml
"Vopiscus, Flavius fl. 3./4. Jh.",Gallieni Duo,4353,lemmatized/xml/urn:cts:latinLit:phi2331.phi023.perseus-lat2.xml
"Vopiscus, Flavius fl. 3./4. Jh.",Goridani Tres,6577,lemmatized/xml/urn:cts:latinLit:phi2331.phi020.perseus-lat2.xml
"Vopiscus, Flavius fl. 3./4. Jh.",Helius,1690,lemmatized/xml/urn:cts:latinLit:phi2331.phi002.perseus-lat2.xml
"Vopiscus, Flavius fl. 3./4. Jh.",Marcus Antoninus Philosophus,6372,lemmatized/xml/urn:cts:latinLit:phi2331.phi004.perseus-lat2.xml
"Vopiscus, Flavius fl. 3./4. Jh.",Maximini Duo,6447,lemmatized/xml/urn:cts:latinLit:phi2331.phi019.perseus-lat2.xml
"Vopiscus, Flavius fl. 3./4. Jh.",Maximus et Balbinus,3701,lemmatized/xml/urn:cts:latinLit:phi2331.phi021.perseus-lat2.xml
"Vopiscus, Flavius fl. 3./4. Jh.",Opilius Macrinus,2950,lemmatized/xml/urn:cts:latinLit:phi2331.phi015.perseus-lat2.xml
"Vopiscus, Flavius fl. 3./4. Jh.",Pertinax,3039,lemmatized/xml/urn:cts:latinLit:phi2331.phi008.perseus-lat2.xml
"Vopiscus, Flavius fl. 3./4. Jh.",Pescennius Niger,2730,lemmatized/xml/urn:cts:latinLit:phi2331.phi011.perseus-lat2.xml
"Vopiscus, Flavius fl. 3./4. Jh.",Probus,4953,lemmatized/xml/urn:cts:latinLit:phi2331.phi028.perseus-lat2.xml
"Vopiscus, Flavius fl. 3./4. Jh.",Severus,4966,lemmatized/xml/urn:cts:latinLit:phi2331.phi010.perseus-lat2.xml
"Vopiscus, Flavius fl. 3./4. Jh.",Tacitus,3715,lemmatized/xml/urn:cts:latinLit:phi2331.phi027.perseus-lat2.xml
"Vopiscus, Flavius fl. 3./4. Jh.",Tyranni Triginta,7786,lemmatized/xml/urn:cts:latinLit:phi2331.phi024.perseus-lat2.xml
"Vopiscus, Flavius fl. 3./4. Jh.",Valeriani Duo,1220,lemmatized/xml/urn:cts:latinLit:phi2331.phi022.perseus-lat2.xml
"Vopiscus, Flavius fl. 3./4. Jh.",Verus,2393,lemmatized/xml/urn:cts:latinLit:phi2331.phi005.perseus-lat2.xml
Vulgate,1 Chronicles,14496,lemmatized/xml/urn:cts:greekLit:tlg0527.tlg015.obi-lat1.xml
Vulgate,1 Corinthians,6391,lemmatized/xml/urn:cts:greekLit:tlg0031.tlg007.obi-lat1.xml
Vulgate,1 Esdras,9168,lemmatized/xml/urn:cts:greekLit:tlg0527.tlg017.obi-lat1.xml
Vulgate,1 John,1857,lemmatized/xml/urn:cts:greekLit:tlg0031.tlg023.obi-lat1.xml
Vulgate,1 Kings,17474,lemmatized/xml/urn:cts:greekLit:tlg0527.tlg013.obi-lat1.xml
Vulgate,1 Maccabees,16358,lemmatized/xml/urn:cts:greekLit:tlg0527.tlg023.obi-lat1.xml
Vulgate,1 Peter,1624,lemmatized/xml/urn:cts:greekLit:tlg0031.tlg021.obi-lat1.xml
Vulgate,1 Samuel,18387,lemmatized/xml/urn:cts:greekLit:tlg0527.tlg011.obi-lat1.xml
Vulgate,1 Thessalonians,1393,lemmatized/xml/urn:cts:greekLit:tlg0031.tlg013.obi-lat1.xml
Vulgate,1 Timothy,1576,lemmatized/xml/urn:cts:greekLit:tlg0031.tlg015.obi-lat1.xml
Vulgate,2 Chronicles,18297,lemmatized/xml/urn:cts:greekLit:tlg0527.tlg016.obi-lat1.xml
Vulgate,2 Corinthians,4276,lemmatized/xml/urn:cts:greekLit:tlg0031.tlg008.obi-lat1.xml
Vulgate,2 John,220,lemmatized/xml/urn:cts:greekLit:tlg0031.tlg024.obi-lat1.xml
Vulgate,2 Kings,16284,lemmatized/xml/urn:cts:greekLit:tlg0527.tlg014.obi-lat1.xml
Vulgate,2 Maccabees,10436,lemmatized/xml/urn:cts:greekLit:tlg0527.tlg024.obi-lat1.xml
Vulgate,2 Peter,1035,lemmatized/xml/urn:cts:greekLit:tlg0031.tlg022.obi-lat1.xml
Vulgate,2 Samuel,14760,lemmatized/xml/urn:cts:greekLit:tlg0527.tlg012.obi-lat1.xml
Vulgate,2 Thessalonians,744,lemmatized/xml/urn:cts:greekLit:tlg0031.tlg014.obi-lat1.xml
Vulgate,2 Timothy,1157,lemmatized/xml/urn:cts:greekLit:tlg0031.tlg016.obi-lat1.xml
Vulgate,3 John,212,lemmatized/xml/urn:cts:greekLit:tlg0031.tlg025.obi-lat1.xml
Vulgate,Acts,16649,lemmatized/xml/urn:cts:greekLit:tlg0031.tlg005.obi-lat1.xml
Vulgate,Amos,2795,lemmatized/xml/urn:cts:greekLit:tlg0527.tlg037.obi-lat1.xml
Vulgate,Colossians,1445,lemmatized/xml/urn:cts:greekLit:tlg0031.tlg012.obi-lat1.xml
Vulgate,Daniel,1955,lemmatized/xml/urn:cts:greekLit:tlg0527.tlg056.obi-lat1.xml
Vulgate,Deuteronomy,18734,lemmatized/xml/urn:cts:greekLit:tlg0527.tlg005.obi-lat1.xml
Vulgate,Ecclesiastes,3817,lemmatized/xml/urn:cts:greekLit:tlg0527.tlg030.obi-lat1.xml
Vulgate,Ecclesiasticus,20639,lemmatized/xml/urn:cts:greekLit:tlg0527.tlg034.obi-lat1.xml
Vulgate,Ephesians,2136,lemmatized/xml/urn:cts:greekLit:tlg0031.tlg010.obi-lat1.xml
Vulgate,Esther,4061,lemmatized/xml/urn:cts:greekLit:tlg0527.tlg019.obi-lat1.xml
Vulgate,Exodus,20490,lemmatized/xml/urn:cts:greekLit:tlg0527.tlg002.obi-lat1.xml
Vulgate,Ezekiel,26926,lemmatized/xml/urn:cts:greekLit:tlg0527.tlg053.obi-lat1.xml
Vulgate,Galatians,2112,lemmatized/xml/urn:cts:greekLit:tlg0031.tlg009.obi-lat1.xml
Vulgate,Genesis,25830,lemmatized/xml/urn:cts:greekLit:tlg0527.tlg001.obi-lat1.xml
Vulgate,Habakkuk,1008,lemmatized/xml/urn:cts:greekLit:tlg0527.tlg043.obi-lat1.xml
Vulgate,Haggai,796,lemmatized/xml/urn:cts:greekLit:tlg0527.tlg045.obi-lat1.xml
Vulgate,Hebrews,4585,lemmatized/xml/urn:cts:greekLit:tlg0031.tlg019.obi-lat1.xml
Vulgate,Hosea,3502,lemmatized/xml/urn:cts:greekLit:tlg0527.tlg036.obi-lat1.xml
Vulgate,Isaiah,24599,lemmatized/xml/urn:cts:greekLit:tlg0527.tlg048.obi-lat1.xml
Vulgate,James,1632,lemmatized/xml/urn:cts:greekLit:tlg0031.tlg020.obi-lat1.xml
Vulgate,Jeremiah,29593,lemmatized/xml/urn:cts:greekLit:tlg0527.tlg049.obi-lat1.xml
Vulgate,Job,12576,lemmatized/xml/urn:cts:greekLit:tlg0527.tlg032.obi-lat1.xml
Vulgate,Joel,1357,lemmatized/xml/urn:cts:greekLit:tlg0527.tlg039.obi-lat1.xml
Vulgate,John,14046,lemmatized/xml/urn:cts:greekLit:tlg0031.tlg004.obi-lat1.xml
Vulgate,Jonah,965,lemmatized/xml/urn:cts:greekLit:tlg0527.tlg041.obi-lat1.xml
Vulgate,Joshua,12514,lemmatized/xml/urn:cts:greekLit:tlg0527.tlg006.obi-lat1.xml
Vulgate,Jude,420,lemmatized/xml/urn:cts:greekLit:tlg0031.tlg026.obi-lat1.xml
Vulgate,Judges,12989,lemmatized/xml/urn:cts:greekLit:tlg0527.tlg008.obi-lat1.xml
Vulgate,Judith,6648,lemmatized/xml/urn:cts:greekLit:tlg0527.tlg020.obi-lat1.xml
Vulgate,Lamentations,2393,lemmatized/xml/urn:cts:greekLit:tlg0527.tlg051.obi-lat1.xml
Vulgate,Leviticus,13972,lemmatized/xml/urn:cts:greekLit:tlg0527.tlg003.obi-lat1.xml
Vulgate,Luke,18037,lemmatized/xml/urn:cts:greekLit:tlg0031.tlg003.obi-lat1.xml
Vulgate,Malachi,1222,lemmatized/xml/urn:cts:greekLit:tlg0527.tlg047.obi-lat1.xml
Vulgate,Mark,10305,lemmatized/xml/urn:cts:greekLit:tlg0031.tlg002.obi-lat1.xml
Vulgate,Matthew,16463,lemmatized/xml/urn:cts:greekLit:tlg0031.tlg001.obi-lat1.xml
Vulgate,Micah,2069,lemmatized/xml/urn:cts:greekLit:tlg0527.tlg038.obi-lat1.xml
Vulgate,Nahum,849,lemmatized/xml/urn:cts:greekLit:tlg0527.tlg042.obi-lat1.xml
Vulgate,Nehemiah,7393,lemmatized/xml/urn:cts:greekLit:tlg0527.tlg018.obi-lat1.xml
Vulgate,Numbers,19663,lemmatized/xml/urn:cts:greekLit:tlg0527.tlg004.obi-lat1.xml
Vulgate,Obadiah,426,lemmatized/xml/urn:cts:greekLit:tlg0527.tlg040.obi-lat1.xml
Vulgate,Philemon,318,lemmatized/xml/urn:cts:greekLit:tlg0031.tlg018.obi-lat1.xml
Vulgate,Philippians,1560,lemmatized/xml/urn:cts:greekLit:tlg0031.tlg011.obi-lat1.xml
Vulgate,Prayer of Manasses,241,lemmatized/xml/urn:cts:greekLit:tlg0527.tlg028.obi-lat1.xml
Vulgate,Proverbs,9926,lemmatized/xml/urn:cts:greekLit:tlg0527.tlg029.obi-lat1.xml
Vulgate,Psalmi Salomonis,1788,lemmatized/xml/urn:cts:greekLit:tlg0527.tlg035.obi-lat1.xml
Vulgate,Psalms,30507,lemmatized/xml/urn:cts:greekLit:tlg0527.tlg027.obi-lat1.xml
Vulgate,Revelation,8358,lemmatized/xml/urn:cts:greekLit:tlg0031.tlg027.obi-lat1.xml
Vulgate,Romans,6515,lemmatized/xml/urn:cts:greekLit:tlg0031.tlg006.obi-lat1.xml
Vulgate,Ruth,1822,lemmatized/xml/urn:cts:greekLit:tlg0527.tlg010.obi-lat1.xml
Vulgate,Titus,654,lemmatized/xml/urn:cts:greekLit:tlg0031.tlg017.obi-lat1.xml
Vulgate,Tobit,5033,lemmatized/xml/urn:cts:greekLit:tlg0527.tlg021.obi-lat1.xml
Vulgate,Wisdom,7180,lemmatized/xml/urn:cts:greekLit:tlg0527.tlg033.obi-lat1.xml
Vulgate,Zechariah,4369,lemmatized/xml/urn:cts:greekLit:tlg0527.tlg046.obi-lat1.xml
Vulgate,Zephaniah,1064,lemmatized/xml/urn:cts:greekLit:tlg0527.tlg044.obi-lat1.xml
