WORK,SENT.ADDR,PARENTH,SENT
(In Cat|Against C),/ldt2.1-treebanks/phi0474.phi013.perseus-lat1.tb.xml|19, dico aperte ,nos  nos  dico aperte  consules desumus 
(In Cat|Against C),/ldt2.1-treebanks/phi0474.phi013.perseus-lat1.tb.xml|32, credo ,si te iam  Catilina  comprehendi  si interfici iussero  credo  erit verendum mihi ne non hoc potius omnes boni serius a me quam quisquam crudelius factum esse dicat  iussero dicant factum
(In Cat|Against C),/ldt2.1-treebanks/phi0474.phi013.perseus-lat1.tb.xml|38, mihi crede,Muta iam istam mentem  mihi crede  obliviscere caedis atque incendiorum 
(In Cat|Against C),/ldt2.1-treebanks/phi0474.phi013.perseus-lat1.tb.xml|50, non agam obscure ,dico te priore nocte venisse inter falcarios  non agam obscure  in M  Laecae domum 
(In Cat|Against C),/ldt2.1-treebanks/phi0474.phi013.perseus-lat1.tb.xml|167, quaeso ,nunc  ut a me  patres conscripti  quandam prope iustam patriae querimoniam detester ac deprecer  percipite  quaeso  diligenter quae dicam  et ea penitus animis vestris mentibus que mandate 
(In Cat|Against C),/ldt2.1-treebanks/phi0474.phi013.perseus-lat1.tb.xml|282, credo ,etenim  credo  Manlius iste centurio qui in agro Faesulano castra posuit bellum populo Romano suo nomine indixit  et illa castra nunc non Catilinam ducem exspectant  et ille eiectus in exsilium se Massiliam  ut aiunt  non in haec castra confert 
(In Cat|Against C),/ldt2.1-treebanks/phi0474.phi013.perseus-lat1.tb.xml|288,mihi credite ,sed mihi credite  non est iturus 
(In Cat|Against C),/ldt2.1-treebanks/phi0474.phi013.perseus-lat1.tb.xml|302, sunt enim locupletes ,Horum hominum species est honestissima  sunt enim locupletes  voluntas vero et causa impudentissima est
Elegie,/ldt2.1-treebanks/phi0620.phi001.perseus-lat1.tb.xml|10,en age dum,at vos  deductae quibus est fallacia lunae et labor in magicis sacra piare focis  en age dum dominae mentem convertite nostrae  et facite illa meo palleat ore magis 
Elegie,/ldt2.1-treebanks/phi0620.phi001.perseus-lat1.tb.xml|17, moneo ,Hoc  moneo  vitate malum 
Elegie,/ldt2.1-treebanks/phi0620.phi001.perseus-lat1.tb.xml|21,crede mihi ,crede mihi  non ulla tuae est medicina figurae 
Elegie,/ldt2.1-treebanks/phi0620.phi001.perseus-lat1.tb.xml|71,adoro,maneat sic semper  adoro  nec quicquam ex illa quod querar inveniam 
Elegie,/ldt2.1-treebanks/phi0620.phi001.perseus-lat1.tb.xml|106, ita sim felix ,Dum tibi Cadmeae dicuntur  Pontice  Thebae arma que fraternae tristia militiae  atque  ita sim felix  primo contendis Homero   sint modo fata tuis mollia carminibus   nos  ut consuemus  nostros agitamus amores  atque aliquid duram quaerimus in dominam 
Elegie,/ldt2.1-treebanks/phi0620.phi001.perseus-lat1.tb.xml|106,  sint modo fata tuis mollia carminibus ,Dum tibi Cadmeae dicuntur  Pontice  Thebae arma que fraternae tristia militiae  atque  ita sim felix  primo contendis Homero   sint modo fata tuis mollia carminibus   nos  ut consuemus  nostros agitamus amores  atque aliquid duram quaerimus in dominam 
Elegie,/ldt2.1-treebanks/phi0620.phi001.perseus-lat1.tb.xml|111, quo nollem nostros me violasse deos  ,te quoque si certo puer hic concusserit arcu   quo nollem nostros me violasse deos   longe castra tibi  longe miser agmina septem flebis in aeterno surda iacere situ  iacere
Elegie,/ldt2.1-treebanks/phi0620.phi001.perseus-lat1.tb.xml|153,quaeso,i quaeso et tristis istos compone libellos  et cane quod quaevis nosse puella velit 
Elegie,/ldt2.1-treebanks/phi0620.phi001.perseus-lat1.tb.xml|168,o quotiens votis illa vocanda meis  cum te complexa morientem  Galle  puella vidimus et longa ducere verba mora est te,o noctem meminisse mihi iucunda voluptas  o quotiens votis illa vocanda meis  cum te complexa morientem  Galle  puella vidimus et longa ducere verba mora  est te
Elegie,/ldt2.1-treebanks/phi0620.phi001.perseus-lat1.tb.xml|208, non nihil aspersis gaudet Amor lacrimis ,felix  qui potuit praesenti flere puellae  non nihil aspersis gaudet Amor lacrimis   aut si despectus potuit mutare calores  sunt quoque translato gaudia servitio   est
Elegie,/ldt2.1-treebanks/phi0620.phi001.perseus-lat1.tb.xml|220,quaeso,me quaeso teste negare potes 
Elegie,/ldt2.1-treebanks/phi0620.phi001.perseus-lat1.tb.xml|285,miseri amantes,haec ille et si quae miseri novistis amantes  et matutinis obstrepit alitibus  inquit sunt
Elegie,/ldt2.1-treebanks/phi0620.phi001.perseus-lat1.tb.xml|297, quamvis dura  tamen rara puella fuit  fuit,nonne fuit levius dominae pervincere mores  quamvis dura  tamen rara puella fuit   quam sic ignotis circumdata litora silvis cernere et optatos quaerere Tyndaridas  fuit
Elegie,/ldt2.1-treebanks/phi0620.phi001.perseus-lat1.tb.xml|328, Tellus hoc ita iusta sinat ,quarum nulla tua fuerit mihi  Cynthia  forma gratior  et  Tellus hoc ita iusta sinat  quamvis te longae remorentur fata senectae  cara tamen lacrimis ossa futura meis 
Elegie,/ldt2.1-treebanks/phi0620.phi001.perseus-lat1.tb.xml|339, non minor Ausoniis est amor Adryasin ,huic tu  sive leges umbrosae flumina silvae  sive Aniena tuos tinxerit unda pedes  sive Gigantea spatiabere litoris ora  sive ubicumque vago fluminis hospitio  Nympharum semper cupidas defende rapinas  non minor Ausoniis est amor Adryasin   spatiabere
Elegie,/ldt2.1-treebanks/phi0620.phi001.perseus-lat1.tb.xml|364,tu proiecta mei perpessa es membra propinqui,si Perusina tibi patriae sunt nota sepulcra  Italiae duris funera temporibus  cum Romana suos egit discordia civis   sic mihi praecipue  pulvis Etrusca  dolor  tu proiecta mei perpessa es membra propinqui  tu nullo miseri contegis ossa solo   proxima supposito contingens Umbria campo me genuit terris fertilis uberibus  es
Elegie,/ldt2.1-treebanks/phi0620.phi001.perseus-lat1.tb.xml|364,tu nullo miseri contegis ossa solo,si Perusina tibi patriae sunt nota sepulcra  Italiae duris funera temporibus  cum Romana suos egit discordia civis   sic mihi praecipue  pulvis Etrusca  dolor  tu proiecta mei perpessa es membra propinqui  tu nullo miseri contegis ossa solo   proxima supposito contingens Umbria campo me genuit terris fertilis uberibus  es
Aen,/ldt2.1-treebanks/phi0690.phi003.perseus-lat1.tb.xml|23, nec sacra morantur iussa viri ,Talibus adfata Aenean  nec sacra morantur iussa viri   Teucros vocat alta in templa sacerdos 
Aen,/ldt2.1-treebanks/phi0690.phi003.perseus-lat1.tb.xml|39, non indebita posco regna meis fatis ,Tu que  O sanctissima vates  praescia venturi  da  non indebita posco regna meis fatis  Latio considere Teucros errantis que deos agitata que numina Troiae 
Aen,/ldt2.1-treebanks/phi0690.phi003.perseus-lat1.tb.xml|49,O tandem magnis pelagi defuncte periclis, O tandem magnis pelagi defuncte periclis 
Aen,/ldt2.1-treebanks/phi0690.phi003.perseus-lat1.tb.xml|73, precor ,Gnati que patris que  alma  precor  miserere  potes namque omnia  nec te nequiquam lucis Hecate praefecit Avernis  si potuit Manes arcessere coniugis Orpheus  Threicia fretus cithara fidibus que canoris  si fratrem Pollux alterna morte redemit  it que redit que viam totiens 
Aen,/ldt2.1-treebanks/phi0690.phi003.perseus-lat1.tb.xml|73,potes namque omnia,Gnati que patris que  alma  precor  miserere  potes namque omnia  nec te nequiquam lucis Hecate praefecit Avernis  si potuit Manes arcessere coniugis Orpheus  Threicia fretus cithara fidibus que canoris  si fratrem Pollux alterna morte redemit  it que redit que viam totiens 
Aen,/ldt2.1-treebanks/phi0690.phi003.perseus-lat1.tb.xml|73,te nequiquam lucis Hecate praefecit Avernis,Gnati que patris que  alma  precor  miserere  potes namque omnia  nec te nequiquam lucis Hecate praefecit Avernis  si potuit Manes arcessere coniugis Orpheus  Threicia fretus cithara fidibus que canoris  si fratrem Pollux alterna morte redemit  it que redit que viam totiens 
Aen,/ldt2.1-treebanks/phi0690.phi003.perseus-lat1.tb.xml|77,Sate sanguine divom, Sate sanguine divom  Tros Anchisiade  facilis descensus Averno  est
Aen,/ldt2.1-treebanks/phi0690.phi003.perseus-lat1.tb.xml|91, heu nescis ,Praeterea iacet exanimum tibi corpus amici  heu nescis  totam que incestat funere classem  dum consulta petis nostro que in limine pendes 
Aen,/ldt2.1-treebanks/phi0690.phi003.perseus-lat1.tb.xml|140,conclamat vates, Procul O procul este  profani   conclamat vates   toto absistite que luco 
Aen,/ldt2.1-treebanks/phi0690.phi003.perseus-lat1.tb.xml|169,Anchisa generate, Anchisa generate  deum certissima proles  Cocyti stagna alta vides Stygiam que paludem  di cuius iurare timent et fallere numen 
Met,/ldt2.1-treebanks/phi0959.phi006.perseus-lat1.tb.xml|104,O soror  o coniunx  o femina sola superstes  quam commune mihi genus et origo  deinde torus iunxit  nunc ipsa pericula iungunt , O soror  o coniunx  o femina sola superstes  quam commune mihi genus et patruelis origo  deinde torus iunxit  nunc ipsa pericula iungunt  terrarum  quascumque vident occasus et ortus  nos duo turba sumus 
Fab,/ldt2.1-treebanks/phi0975.phi001.perseus-lat1.tb.xml|10, quaeso ,Qui possum  quaeso  facere  quod quereris  lupe 
Fab,/ldt2.1-treebanks/phi0975.phi001.perseus-lat1.tb.xml|120,Quaeso,Quaeso  num binas mihi Clitellas impositurum victorem putas 
Fab,/ldt2.1-treebanks/phi0975.phi001.perseus-lat1.tb.xml|155, quaeso ,Parce  quaeso inquit mihi  Quae tibi molestis muribus purgo domum 
Fab,/ldt2.1-treebanks/phi0975.phi001.perseus-lat1.tb.xml|329, quaeso ,Legesne  quaeso  potius viles nenias  Impendas curam quam rei domesticae  Reddas amicis tempora  uxori vaces  Animum relaxes  otium des corpori  Ut assuetam fortius praestes vicem 
Fab,/ldt2.1-treebanks/phi0975.phi001.perseus-lat1.tb.xml|407, quaeso ,Unde sic  quaeso  nites 
Fab,/ldt2.1-treebanks/phi0975.phi001.perseus-lat1.tb.xml|429,Age,Age  si quo abire est animus  est licentia 
Fab,/ldt2.1-treebanks/phi0975.phi001.perseus-lat1.tb.xml|446,Quaeso ,Quaeso  tam angustam talis vir ponis domum 
Fab,/ldt2.1-treebanks/phi0975.phi001.perseus-lat1.tb.xml|541,narrabit quod quis voluerit ,At mehercules narrabit quod quis voluerit  Oliva nobis propter fructum est gratior 
Aug,/ldt2.1-treebanks/phi1348.abo012.perseus-lat1.tb.xml|218,erant super mille,Senatorum affluentem numerum deformi et incondita turba  erant enim super mille  et quidam indignissimi et post necem Caesaris per gratiam et praemium adlecti  quos orciuos uulgus uocabat  ad modum pristinum et splendorem redegit duabus lectionibus  erant
Aug,/ldt2.1-treebanks/phi1348.abo012.perseus-lat1.tb.xml|218,post necem Caesaris per gratiam et praemium adlecti,Senatorum affluentem numerum deformi et incondita turba  erant enim super mille  et quidam indignissimi et post necem Caesaris per gratiam et praemium adlecti  quos orciuos uulgus uocabat  ad modum pristinum et splendorem redegit duabus lectionibus  erant
Aug,/ldt2.1-treebanks/phi1348.abo012.perseus-lat1.tb.xml|218,indignissimi erant,Senatorum affluentem numerum deformi et incondita turba  erant enim super mille  et quidam indignissimi et post necem Caesaris per gratiam et praemium adlecti  quos orciuos uulgus uocabat  ad modum pristinum et splendorem redegit duabus lectionibus  erant
Aug,/ldt2.1-treebanks/phi1348.abo012.perseus-lat1.tb.xml|237, quod fieri solebat ,sed neque detrahi quemquam in trauehendo ab accusatore passus est  quod fieri solebat  et senio uel aliqua corporis labe insignibus permisit  praemisso in ordine equo  ad respondendum quotiens citarentur pedibus uenire 
Ann,/ldt2.1-treebanks/phi1351.phi005.perseus-lat1.tb.xml|87, ducem eum Nero delegerat ,bellum Iudaicum Flavius Vespasianus  ducem eum Nero delegerat  tribus legionibus administrabat 
Ann,/ldt2.1-treebanks/phi1351.phi005.perseus-lat1.tb.xml|177, nam senatus electionem Galbae permiserat ,legati quoque  nam senatus electionem Galbae permiserat  foeda inconstantia nominati  excusati  substituti  ambitu remanendi aut eundi  ut quemque metus vel spes impulerat 
Sati,/harrington/4331/lattb.4331.1.tb.xml|227,quaeso,dic mihi nunc quaeso  dic  antiquissime divom  respondes his  Iane pater 
Gall,/proiel/caes-gal.xml|52595,erat omnino in Gallia ulteriore legio una,Provinciae toti quam maximum  potest militum numerum  imperat erat omnino in Gallia ulteriore legio una pontem qui erat ad Genavam  iubet rescindi 
Gall,/proiel/caes-gal.xml|52679,nam equitatui quem auxilio Caesari Haedui miserant Dumnorix praeerat,Reperiebat etiam in quaerendo Caesar quod proelium equestre adversum paucis ante diebus esset factum initium eius fugae factum a Dumnorige atque eius equitibus nam equitatui quem auxilio Caesari Haedui miserant Dumnorix praeerat eorum fuga reliquum esse equitatum perterritum 
Gall,/proiel/caes-gal.xml|52706,ut postea ex captivis comperit ,Prima luce cum summus mons a Labieno teneretur ipse ab hostium castris non longius mille et quingentis passibus abesset ne que ut postea ex captivis  comperit aut ipsius adventus aut Labieni cognitus esset Considius equo admisso ad eum accurrit 
Gall,/proiel/caes-gal.xml|52895,id se ab ipsis per eorum nuntios compertum habere,Quod si eum  interfecerit multis sese nobilibus principibus que populi Romani gratum esse facturum id se ab ipsis per eorum nuntios compertum habere quorum omnium gratiam atque amicitiam eius morte redimere  posset 
Gall,/proiel/caes-gal.xml|52960,uti supra demonstravimus,Cum esset Caesar in citeriore Gallia ita uti supra demonstravimus crebri ad eum rumores adferebantur litteris que item Labieni certior  fiebat omnes Belgas quam tertiam esse Galliae partem dixeramus contra populum Romanum coniurare obsides que inter se dare
Gall,/proiel/caes-gal.xml|53008,quod is collis ubi castra posita erant paululum ex planitie editus tantum adversus in latitudinem patebat quantum loci acies instructa occupare poterat,Ubi nostros non esse inferiores  intellexit loco pro castris ad aciem instruendam natura oportuno atque idoneo quod is collis ubi castra posita erant paululum ex planitie editus tantum adversus in latitudinem patebat quantum loci acies instructa occupare poterat atque ex utraque parte lateris deiectus  habebat et in fronte leniter fastigatus paulatim ad planitiem  redibat ab utroque latere eius collis transversam fossam  obduxit circiter passuum quadringentorum et ad extremas fossas castella  constituit ibi que tormenta  conlocavit ne cum aciem  instruxisset hostes quod tantum multitudine  poterant ab lateribus pugnantes suos circumvenire possent 
Gall,/proiel/caes-gal.xml|53008,ex utraque parte lateris deiectus habebat ,Ubi nostros non esse inferiores  intellexit loco pro castris ad aciem instruendam natura oportuno atque idoneo quod is collis ubi castra posita erant paululum ex planitie editus tantum adversus in latitudinem patebat quantum loci acies instructa occupare poterat atque ex utraque parte lateris deiectus  habebat et in fronte leniter fastigatus paulatim ad planitiem  redibat ab utroque latere eius collis transversam fossam  obduxit circiter passuum quadringentorum et ad extremas fossas castella  constituit ibi que tormenta  conlocavit ne cum aciem  instruxisset hostes quod tantum multitudine  poterant ab lateribus pugnantes suos circumvenire possent 
Gall,/proiel/caes-gal.xml|53008,in fronte leniter fastigatus paulatim ad planitiem redibat ,Ubi nostros non esse inferiores  intellexit loco pro castris ad aciem instruendam natura oportuno atque idoneo quod is collis ubi castra posita erant paululum ex planitie editus tantum adversus in latitudinem patebat quantum loci acies instructa occupare poterat atque ex utraque parte lateris deiectus  habebat et in fronte leniter fastigatus paulatim ad planitiem  redibat ab utroque latere eius collis transversam fossam  obduxit circiter passuum quadringentorum et ad extremas fossas castella  constituit ibi que tormenta  conlocavit ne cum aciem  instruxisset hostes quod tantum multitudine  poterant ab lateribus pugnantes suos circumvenire possent 
Gall,/proiel/caes-gal.xml|53041,nam post discessum Belgarum dimissis Haeduorum copiis ad eum reverterat ,Pro his Diviciacus nam post discessum Belgarum dimissis Haeduorum copiis ad eum  reverterat facit verba
Gall,/proiel/caes-gal.xml|53061,ut postea ex captivis cognitum est,Cum ex dediticiis Belgis reliquis que Gallis complures Caesarem secuti una iter  facerent quidam ex his ut postea ex captivis cognitum est eorum dierum consuetudine itineris nostri exercitus perspecta nocte ad Nervios pervenerunt atque his  demonstrarunt inter singulas legiones impedimentorum magnum numerum intercedere ne que esse quicquam negotii cum prima legio in castra venisset reliquae que legiones magnum spatium abessent hanc sub sarcinis adoriri
Gall,/proiel/caes-gal.xml|53063,ad hoc tempus ei rei student neque enim ,Adiuvabat etiam eorum consilium qui rem deferebant quod Nervii antiquitus cum equitatu nihil  possent neque enim ad hoc tempus ei rei  student sed quicquid  possunt pedestribus  valent copiis quo facilius finitimorum equitatum si praedandi causa ad eos  venissent  impedirent teneris arboribus incisis atque inflexis crebris que in latitudinem ramis enatis rubis sentibus que interiectis  effecerant ut instar muri hae saepes munimentum praeberent quo non modo non intrari sed ne perspici quidem posset
Gall,/proiel/caes-gal.xml|53063,quicquid possunt pedestribus valent copiis  ,Adiuvabat etiam eorum consilium qui rem deferebant quod Nervii antiquitus cum equitatu nihil  possent neque enim ad hoc tempus ei rei  student sed quicquid  possunt pedestribus  valent copiis quo facilius finitimorum equitatum si praedandi causa ad eos  venissent  impedirent teneris arboribus incisis atque inflexis crebris que in latitudinem ramis enatis rubis sentibus que interiectis  effecerant ut instar muri hae saepes munimentum praeberent quo non modo non intrari sed ne perspici quidem posset
Gall,/proiel/caes-gal.xml|53096,ut ante demonstravimus,Instructo exercitu magis ut loci natura et necessitas temporis quam ut rei militaris ratio atque ordo postulabat cum diversae legiones aliae alia in parte hostibus resisterent saepibus que densissimis ut ante demonstravimus interiectis prospectus impediretur ne que certa subsidia conlocari ne que quid in quaque parte opus esset provideri ne que ab uno omnia imperia administrari poterant   
Gall,/proiel/caes-gal.xml|53098,nam his ea pars obvenerat,Legionis nonae et decimae milites ut in sinistra parte aciei constiterant pilis emissis cursu ac lassitudine exanimatos vulneribus que confectos Atrebates nam his ea pars obvenerat celeriter ex loco superiore in flumen compulerunt et transire conantes insecuti gladiis magnam partem eorum impeditam interfecerunt
Gall,/proiel/caes-gal.xml|74621,nam plerumque omnibus Gallis prae magnitudine corporum quorum brevitas nostra contemptui est,quibus nam manibus aut quibus viribus praesertim homines tantulae staturae nam plerumque omnibus Gallis prae magnitudine corporum quorum brevitas nostra contemptui est tanti oneris turrim in muro sese posse conlocare confiderent 
Gall,/proiel/caes-gal.xml|53212,tanta in iis erat firmitudo,Ne que enim iis nostrae rostro nocere poterant tanta in iis erat firmitudo ne que propter altitudinem facile telum adigebatur et eadem de causa minus commode copulis continebantur
Gall,/proiel/caes-gal.xml|53225,ut diximus,Deiectis ut diximus antemnis cum singulas binae ac ternae naves circumsteterant milites summa vi transcendere in hostium naves contendebant
Gall,/proiel/caes-gal.xml|53371,nam cum omnibus suis domo excesserant,at reliqua multitudo puerorum mulierum que nam cum omnibus suis domo excesserant Rhenum que transierant passim fugere coepit
Gall,/proiel/caes-gal.xml|53371,Rhenum transierant,at reliqua multitudo puerorum mulierum que nam cum omnibus suis domo excesserant Rhenum que transierant passim fugere coepit
Gall,/proiel/caes-gal.xml|53437,desilite nisi vultis aquilam hostibus prodere,Atque nostris militibus cunctantibus maxime propter altitudinem maris qui decimae legionis aquilam ferebat obtestatus deos ut ea res legioni feliciter eveniret desilite inquit milites nisi vultis aquilam hostibus prodere
Gall,/proiel/caes-gal.xml|53518,ut supra demonstravimus,Haec civitas longe plurimum totius Galliae equitatu valet magnas que habet copias peditum Rhenum que ut supra demonstravimus tangit
Gall,/proiel/caes-gal.xml|53899,ut docuimus,Interfecto Indutiomaro ut docuimus ad eius propinquos a Treveris imperium defertur
Gall,/proiel/caes-gal.xml|53945,habetis quam petistis facultatem,Tum praemissis paulum impedimentis atque in tumulo quodam conlocatis habetis inquit milites quam petistis facultatem
Gall,/proiel/caes-gal.xml|54113,ut supra demonstravimus,Erat ut supra demonstravimus manus certa nulla non oppidum non praesidium quod se armis defenderet sed in omnes partes dispersa multitudo    
Gall,/proiel/caes-gal.xml|54115,nullum enim poterat universis a perterritis ac dispersis periculum accidere,Haec loca vicinitatibus erant nota magnam que res diligentiam requirebat non in summa exercitus tuenda nullum enim poterat universis a perterritis ac dispersis periculum accidere sed in singulis militibus conservandis
Gall,/proiel/caes-gal.xml|54125,ut demonstravimus,Dissipatis ac perterritis hostibus ut demonstravimus manus erat nulla quae parvam modo causam timoris adferret 
Gall,/proiel/caes-gal.xml|54134,quid vos hanc miseram ac tenuem sectamini praedam quibus licet iam esse fortunatissimos,Atque unus ex captivis quid vos inquit hanc miseram ac tenuem sectamini praedam quibus licet iam esse fortunatissimos
Att,/proiel/cic-att.xml|75991,erit hoc tibi pro illo tuo cum essem in Ceramico ,cum  essem in Tusculano erit hoc tibi pro illo tuo cum  essem in Ceramico verum tamen cum ibi  essem Roma puer a sorore tua missus epistulam mihi abs te adlatam dedit  nuntiavit  que eo ipso die post meridiem iturum eum qui ad te proficisceretur
Att,/proiel/cic-att.xml|85005,quas tu incredibile est quam brevi tempore quanto deteriores offensurus sis quam reliquisti  ,quas tu incredibile est quam brevi tempore quanto deteriores  offensurus sis quam  reliquisti
Att,/proiel/cic-att.xml|76020,opinor , opinor ad Considium Axium Selicium confugiendum est 
Att,/proiel/cic-att.xml|76027,Hilarum dico ratiocinatorem et clientem tuum ,libertum ego habeo sane nequam hominem Hilarum  dico ratiocinatorem et clientem tuum
Att,/proiel/cic-att.xml|85046,is fuit princeps ne tu forte aliquem nostrum putes,is fuit princeps ne tu forte aliquem nostrum putes
Att,/proiel/cic-att.xml|76063,sci n quem dicam  ,tuus autem ille amicus  sci n quem  dicam de quo tu ad me scripsisti postea quam non  auderet reprehendere laudare  coepisse nos ut  ostendit admodum diligit
Att,/proiel/cic-att.xml|76071,mihi crede ,quae  laudas ex orationibus mihi  crede valde mihi placebant sed non  audebam antea dicere
Att,/proiel/cic-att.xml|76097,nosti illas  ,totum hunc locum quem ego varie meis orationibus quarum tu Aristarchus es soleo pingere de flamma de ferro  nosti illas  valde graviter  pertexuit
Att,/proiel/cic-att.xml|76153,ita me di iuvent,saepe ita me di iuvent 
Att,/proiel/cic-att.xml|76155,in eo autem erant omnia,postea vero quam Hortensius excogitavit ut legem de religione Fufius tribunus plebis ferret in qua nihil aliud a consulari rogatione differebat nisi iudicum genus in eo autem erant omnia  pugnavit que ut ita fieret quod et sibi et aliis  persuaserat nullis illum iudicibus effugere posse  contraxi vela perspiciens inopiam iudicum ne que  dixi quicquam pro testimonio nisi quod erat ita notum atque testatum ut non  possem praeterire 
Att,/proiel/cic-att.xml|82364,quid quaeris,triumphabat quid quaeris Hortensius se vidisse tantum
Att,/proiel/cic-att.xml|76182,quid vos praesidium a nobis postulabatis,quorum Catulus cum vidisset quendam quid vos inquit praesidium a nobis postulabatis
Att,/proiel/cic-att.xml|76189,non enim mihi videor insolenter gloriari cum de me apud te loquor in ea praesertim epistula quam nolo aliis legi,idem ego ille non enim mihi videor insolenter gloriari cum de me apud te loquor in ea praesertim epistula quam nolo aliis legi idem inquam ego recreavi adflictos animos bonorum unum quemque confirmans excitans 
Att,/proiel/cic-att.xml|76303,nolo enim te permoveri,atque hi nolo enim te permoveri non sunt permolesti sed tamen insident et urgent et nullius amantis consilio aut sermone requiescunt
Att,/proiel/cic-att.xml|83459,sic est enim,qui poterat familiaris noster sic est enim volo te hoc scire Pompeius togulam illam pictam silentio tuetur suam
Att,/proiel/cic-att.xml|83459,volo te hoc scire,qui poterat familiaris noster sic est enim volo te hoc scire Pompeius togulam illam pictam silentio tuetur suam
Att,/proiel/cic-att.xml|83479,nam id quoque volebam,populo autem et Pompeio nam id quoque volebam satis faciebam emptione
Att,/proiel/cic-att.xml|83483,ne que enim illae res ita sunt obscurae ut testimonium ,quod non tam interfuit mea ne que enim illae res aut ita sunt obscurae ut testimonium aut ita dubiae ut laudationem desiderent quam rei publicae quod erant quidam improbi qui contentionem fore aliquam mihi cum Pompeio ex rerum illarum dissensione arbitrarentur  
Att,/proiel/cic-att.xml|76395,credo,cupit credo triumphare
Att,/proiel/cic-att.xml|76410,legi enim libenter ,quamquam tua illa  legi enim libenter horridula mihi atque incompta visa sunt sed tamen  erant ornata hoc ipso quod ornamenta  neglexerant et ut mulieres ideo bene olere quia nihil olebant  videbantur
Att,/proiel/cic-att.xml|76430,ut semper iudicavi , est consul  et ut semper  iudicavi natura bonus 
Att,/proiel/cic-att.xml|76490,amabo te, cura amabo te Ciceronem nostrum
Att,/proiel/cic-att.xml|76529,amabo te,at quoniam nummorum mentio facta est amabo te cura ut cum Titinio quoquo modo poteris transigas
Att,/proiel/cic-att.xml|76555,opinor,sed opinor excipiamus et exspectemus
Att,/proiel/cic-att.xml|76572,mihi crede,sed mihi crede proxima est illi municipio haec Antiatium civitas
Att,/proiel/cic-att.xml|76597,amabo te,incende hominem amabo te quod potes
Att,/proiel/cic-att.xml|76643,mihi crede,festive mihi crede et minore sonitu quam putaram orbis hic in re publica est conversus citius omnino quam potuit
Att,/proiel/cic-att.xml|76655,ibi esse usque ad prKMaias volo,sed cum e Formiano rediero ibi esse usque ad prKMaias volo faciam statim te certiorem
Att,/proiel/cic-att.xml|76710,mihi crede,qua re mihi crede 
Att,/proiel/cic-att.xml|81768,vere te cum loquar,   vere te cum loquar in hac re malo universae Asiae et negotiatoribus
Att,/proiel/cic-att.xml|76776,quaeso,quaestores autem quaeso num etiam de cistophoro dubitant
Att,/proiel/cic-att.xml|76789,bellum est enim sua vitia nosse,quin etiam quod est subinane in nobis et non  bellum est enim sua vitia nosse id adficitur quadam delectatione
Att,/proiel/cic-att.xml|81915,ac mitto imperium,nec meum imperium ac mitto imperium non simultatem meam reverteri saltem  
Att,/proiel/cic-att.xml|76915,credo,nam quia deciderat ex astris lapsus potius quam progressus videbatur et ut Apelles si Venerem aut Protogenes si Ialysum illum suum caeno oblitum videret magnum credo acciperet dolorem sic ego hunc omnibus a me pictum et politum artis coloribus subito deformatum non sine magno dolore vidi 
Att,/proiel/cic-att.xml|76939,alium enim habeo neminem testem,cum hoc Pompeius egit et ut ad me ipse referebat alium enim habeo neminem testem vehementer egit cum diceret in summa se perfidiae et sceleris infamia fore si mihi periculum crearetur ab eo quem ipse armasset cum plebeium fieri passus esset
Att,/proiel/cic-att.xml|76963,nam id te scire cupere certo scio,nos autem nam id te scire cupere certo scio publicis consiliis nullis intersumus totos que nos ad forensem operam laborem que contulimus
Att,/proiel/cic-att.xml|77106,dicam enim quod verum est ex quo magnitudinem miseriarum mearum perspicere possis,itaque eum malui properare Romam quam ad me venire et simul dicam enim quod verum est ex quo magnitudinem miseriarum mearum perspicere possis animum inducere non potui ut aut illum amantissimum mei mollissimo animo tanto in maerore aspicerem aut meas miserias luctu adflictus et perditam fortunam illi offerrem aut ab illo aspici paterer
Att,/proiel/cic-att.xml|77114,obsecro,obsecro mi Pomponi nondum perspicis quorum opera quorum insidiis quorum scelere perierimus 
Att,/proiel/cic-att.xml|77131,quaeso,nam quod me tam saepe et tam vehementer obiurgas et animo infirmo esse dicis quaeso ecquod tantum malum est quod in mea calamitate non sit
Att,/proiel/cic-att.xml|77183,nam is quidem retinet,sed iam extrudimur non a Plancio nam is quidem retinet verum ab ipso loco minime apposito ad tolerandam in tanto luctu calamitatem 
Att,/proiel/cic-att.xml|77210,fatendum est enim,ego si me aliquando vestri et patriae compotem fortuna fecerit certe efficiam ut maxime laetere unus ex omnibus amicis mea que officia et studia quae parum antea luxerunt fatendum est enim sic exsequar ut me aeque tibi ac fratri et liberis nostris restitutum putes
Att,/proiel/cic-att.xml|77226,credo,in quo ipso multa occultant tuae litterae credo ne vehementius desperatione perturber
Att,/proiel/cic-att.xml|77266,credo,nam Quintus frater homo mirus qui me tam valde amat omnia mittit spei plena metuens credo defectionem animi mei
Att,/proiel/cic-att.xml|77267,obsecro te,fac obsecro te ut omnia quae perspici a te possunt sciamus
Att,/proiel/cic-att.xml|77358,ne que enim umquam arbitror ornatas esse provincias designatorum,accedit aliud non parvum incommodum quod gravis illa opinio ut quidem ad nos perferebatur senatum nihil decernere ante quam de nobis actum esset amissa est praesertim in ea causa quae non modo necessaria non fuit sed etiam inusitata ac nova ne que enim umquam arbitror ornatas esse provincias designatorum ut cum in hoc illa constantia quae erat mea causa suscepta imminuta sit nihil iam possit non decerni 
Att,/proiel/cic-att.xml|77365,sed bonam in partem accipies,ne que enim sed bonam in partem accipies si ulla spes salutis nostrae subesset tu pro tuo amore in me hoc tempore discessisses
Att,/proiel/cic-att.xml|77369,quaeso,tu quaeso festina ad nos venire
Att,/proiel/cic-att.xml|77521,dudum enim circumrodo quod devorandum est,etiam dudum enim circumrodo quod devorandum est subturpicula mihi videbatur esse 
Att,/proiel/cic-att.xml|77564,valde bella est,epistulam Lucceio nunc quam misi qua meas res ut scribat rogo fac ut ab eo sumas valde bella est eum que ut adproperet adhorteris et quod mihi se ita facturum rescripsit agas gratias domum nostram quoad poteris invisas Vestorio aliquid significes 
Att,/proiel/cic-att.xml|77592,oro te,dic oro te clarius
Att,/proiel/cic-att.xml|77616,est enim hic rumor,sane velim scire num censum impediant tribuni diebus vitiandis est enim hic rumor tota que de censura quid agant quid cogitent 
Att,/proiel/cic-att.xml|77618,sic est enim in hoc homine dicendum,multa me cum de re publica sane sibi displicens ut loquebatur sic est enim in hoc homine dicendum Syriam spernens Hispaniam iactans hic quoque ut loquebatur  
Att,/proiel/cic-att.xml|77646,ita sentio,nos hic voramus litteras cum homine mirifico ita me hercule sentio Dionysio qui te omnis que vos salutat
Att,/proiel/cic-att.xml|77691,soles enim tu haec festive odorari,tu velim si quid forte novi habes maxime a Quinto fratre deinde a Gaio Caesare et si quid forte de comitiis de re publica soles enim tu haec festive odorari scribas ad me   
Att,/proiel/cic-att.xml|77841,credo,iudicia credo 
Att,/proiel/cic-att.xml|77853,dirumparis licet,itaque Caesaris amici me dico et Oppium dirumparis licet in monumentum illud quod tu tollere laudibus solebas ut forum laxaremus et usque ad atrium Libertatis explicaremus contempsimus sexcenties HS
Att,/proiel/cic-att.xml|77953,tu invita mulieres,quo ut venimus humanissime Quintus Pomponia inquit tu invita mulieres
Att,/proiel/cic-att.xml|77955,ego ipsa sum hic hospita,at illa audientibus nobis ego ipsa sum inquit hic hospita
Att,/proiel/cic-att.xml|77956,haec ego patior cotidie,tum Quintus en inquit mihi haec ego patior cotidie
Att,/proiel/cic-att.xml|85682,quaeso,quid quaeso istuc erat
Att,/proiel/cic-att.xml|77985,credo,in quo illum agentem aliquid credo salutavi
Att,/proiel/cic-att.xml|85707,nihil enim praetermissum est,nam ne c quod mandem habeo nihil enim praetermissum est ne c quod narrem novi enim nihil ne c iocandi locus est  
Att,/proiel/cic-att.xml|78071,vix enim puto,tu si modo es Romae vix enim puto sin es hoc vehementer animadvertas velim
Att,/proiel/cic-att.xml|78088,quaeso,tu quaeso quid agas ubi quoque tempore futurus sis qualis res nostras Romae reliqueris maxime de XX et DCCC cura ut sciamus 
Att,/proiel/cic-att.xml|78096,crede mihi,eram autem totus crede mihi te cum et quamquam sine iis per me ipse tamen acrius vestigiis tuis monitus de te cogitabam 
Att,/proiel/cic-att.xml|78175,nam id vel Helonius vir gravissimus potest efficere cliens tuus,sed tuas de eius iudici sermonibus et me hercule omni de rei publicae statu litteras exspecto  quidem scriptas quoniam meos cum Thallumeto nostro pervolutas libros eius modi inquam litteras ex quibus ego non quid fiat nam id vel Helonius vir gravissimus potest efficere cliens tuus sed quid futurum sit sciam
Att,/proiel/cic-att.xml|78178,amabo te,nostra autem negotia quoniam Romae commoraris amabo te explica
Att,/proiel/cic-att.xml|78196,quaeso,per fortunas quoniam Romae manes primum illud praefulci atque praemuni quaeso ut simus annui ne intercaletur quidem 
Att,/proiel/cic-att.xml|78268,amabo te,amabo te incumbe in eam rem et ad me scribe quid et possit et tu censeas
Att,/proiel/cic-att.xml|78353,scis enim dici quaedam  dici item     ,interim scis enim dici quaedam  dici item     rumore adventus nostri et Cassio qui Antiochia tenebatur animus accessit et Parthis timor iniectus est 
Att,/proiel/cic-att.xml|85812,credo,credo voluit appellatione hac inani nobis esse par
Att,/proiel/cic-att.xml|78423,tibi ut video et spero nulla ad decedendum erit mora,etsi bellum  habet illa tua epistula quam dedisti nauseans Buthroto tibi ut video et spero nulla ad decedendum erit mora mallem ut video
Att,/proiel/cic-att.xml|78434,hoc tu ita reperies,nos enim et nostra sponte bene firmi et me hercule auctoritate tua inflammati vicimus omnis hoc tu ita reperies cum abstinentia tum iustitia facilitate clementia 
Att,/proiel/cic-att.xml|78436,praeter eum semel nemo accepit,is ceteroqui abstinens sed Iulia lege transitans semel tamen in diem non ut alii solebant omnibus vicis praeter eum semel nemo accepit facit ut mihi excipiendus sit cum terruncium nego sumptus factum 
Att,/proiel/cic-att.xml|85834,non  sed verissime loquor,qua ex insula non  sed verissime loquor nummus nullus me obtinente erogabitur
Att,/proiel/cic-att.xml|78448,messis enim nulla fuerat,iter igitur ita per Asiam feci ut etiam fames qua nihil miserius est quae tum erat in hac mea Asia messis enim nulla fuerat mihi optanda fuerit
Att,/proiel/cic-att.xml|85837,tum Phemio dispiciam ,ex IdibusMartiis ibidem Synnadense Pamphylium tum Phemio dispiciam  Lycaonium Isauricum  
Att,/proiel/cic-att.xml|78510,puto,sed avunculo eius certe probabitur praesertim cum senatus consultum modo factum sit puto postquam tu es profectus in creditorum causa ut centesimae perpetuo faenore ducerentur
Att,/proiel/cic-att.xml|78527,sic enim postulas,iis igitur respondebo non   sic enim postulas ne c  meam instituam sed ordinem conservabo tuum
Att,/proiel/cic-att.xml|78588,credo,sit sane quoniam ita tu vis sed tamen cum eo credo quod sine peccato meo fiat 
Att,/proiel/cic-att.xml|78599,is enim loquitur,nec vero pauci sunt auctores Gnaium Flavium scribam fastos protulisse actiones que composuisse ne me hoc vel potius Africanum is enim loquitur commentum putes
Att,/proiel/cic-att.xml|78607,credo,qua re adiunges Saufeium nostrum hominem semper amantem mei nunc credo eo magis quod debet etiam fratris Appi amorem erga me cum reliqua hereditate crevisse 
Att,/proiel/cic-att.xml|78662,credo,vestri enim credo gravis habent Turpionem sutorium et Vettium mancipem
Att,/proiel/cic-att.xml|78673,sed me id ipsum delectavit in tuis litteris,de statua Africani    sed me id ipsum delectavit in tuis litteris ai n tu
Att,/proiel/cic-att.xml|78717,iam enim sciemus de rebus urbanis de provinciis quae omnia in mensem Martium sunt conlata ,tu velim dum ero Laodiceae id est ad Idus Maias quam saepissime me cum per litteras colloquare et cum Athenas veneris iam enim sciemus de rebus urbanis de provinciis quae omnia in mensem Martium sunt conlata utique ad me tabellarios mittas 
Att,/proiel/cic-att.xml|79032,dilexi enim hominem,hanc quae me hercule mihi magno dolori est dilexi enim hominem procura quantulacumque est Precianam hereditatem prorsus ille ne attingat
Att,/proiel/cic-att.xml|225190,quod ex iis litteris cognovi quas a Xenone optimo viro accepi,et de quo iam pridem ad te scripseram Turranius autem secus tibi Brundisi dixerat quod ex iis litteris cognovi quas a Xenone optimo viro accepi cur fratrem provinciae non praefecissem exposui breviter 
Att,/proiel/cic-att.xml|79059,age,age hoc malum mihi commune est cum omnibus
Att,/proiel/cic-att.xml|225191,quaeso,illud meum proprium  quaeso suscipe
Att,/proiel/cic-att.xml|79076,amabo te,exspecta amabo te dum Atticum conveniam
Att,/proiel/cic-att.xml|79423,quaeso,tu quaeso crebro ad me scribe vel quod in buccam venerit
Att,/proiel/cic-att.xml|79522,aliter enim mihi de illis ac de me ipso consulendum est,sed velim consideres quid faciendum putes primum    aliter enim mihi de illis ac de me ipso consulendum est deinde ad opiniones ne reprehendamur quod eas Romae velimus esse in communi bonorum fuga 
Att,/proiel/cic-att.xml|79709,recte sit,recte sit censeo cedendum de oppidis iis egeo consili 
Att,/proiel/cic-att.xml|79717,multi enim hortantur,fac posse tuto multi enim hortantur num etiam honeste  
Att,/proiel/cic-att.xml|79722,hi enim sunt nobis id est in Formiano cum,haec metuo equidem ne sint somnia sed tamen Manlium Lepidum L Torquatum C Cassium tribunum pl hi enim sunt nobis cum id est in Formiano Philotimi litterae ad vitam revocaverunt 
Att,/proiel/cic-att.xml|79754,ne enim erat difficile que,quid dicam nisi illud eum scisse ne que enim erat difficile hoc nescisse 
Att,/proiel/cic-att.xml|79849,et ut esset a me est tu scis propter suspicionem huius impendentis tempestatis multo ante provisum te,qui etsi multis rebus significat se nobis esse amicum et ut esset a me est tu te scis propter suspicionem huius impendentis tempestatis multo ante provisum tamen utrumque considerandum est et quanta fides ei sit habenda et si maxime exploratum sit eum nobis amicum fore sit ne viri fortis et boni civis esse in ea urbe in qua cum summis honoribus imperiis que usus sit res maximas gesserit sacerdotio sit amplissimo praeditus non futurus sit qui fuerit subeundum que periculum sit cum aliquo fore dedecore si quando Pompeius rem publicam reciperarit 
Att,/proiel/cic-att.xml|79852,addo etiam,nihil actum est a Pompeio nostro sapienter nihil fortiter addo etiam nihil nisi contra consilium auctoritatem que meam   
Att,/proiel/cic-att.xml|79871,age iam,age iam cum fratre an sine eo cum filio  
Att,/proiel/cic-att.xml|79875,age iam,age iam has compedes fascis inquam hos laureatos ecferre ex Italia quam molestum est
Att,/proiel/cic-att.xml|79976,ita tempus ferebat,ne ego istas litteras in contione recitari velim si quidem ille ipse ad eundem scribens in publico proposuit epistulam illam in qua est pro tuis rebus gestis amplissimis amplioribus ne quam suis quam Africani ita tempus ferebat si quidem etiam vos duo tales ad quintum miliarium quid nunc ipsum de se recipienti quid agenti quid acturo     
Att,/proiel/cic-att.xml|79990,obsecro te,sed obsecro te quid hoc miserius quam alterum plausus in foedissima causa quaerere alterum offensiones in optima   
Att,/proiel/cic-att.xml|80083,qua mihi nihil utilius videbatur,cum ad te litteras misissem quae tibi Canusi redditae sunt suspicionem nullam habebam te rei publicae causa mare transiturum eram que in spe magna fore ut in Italia possemus aut concordiam constituere qua mihi nihil utilius videbatur aut rem publicam summa cum dignitate defendere
Att,/proiel/cic-att.xml|80089,earum exemplum subscripseras que,hae scriptae sic erant litteras tibi a L Domitio a d xiii Kal Martias adlatas esse earum que exemplum subscripseras magni que interesse rei publicae scripseras omnis copias primo quoque tempore in unum locum convenire et ut praesidio quod satis esset Capuae relinqueret
Att,/proiel/cic-att.xml|80101,nam de Italia quidem nihil mihi umquam ostenderas,mea quae semper fuerit sententia primum de pace vel iniqua condicione retinenda deinde de urbe nam de Italia quidem nihil mihi umquam ostenderas meminisse te arbitror
Att,/proiel/cic-att.xml|80128,habebis autem per quos possis,volo etiam exquiras quam diligentissime poteris habebis autem per quos possis quid Lentulus noster quid Domitius agat quid acturus sit quem ad modum nunc se gerant num quem accusent num quoi suscenseant  
Att,/proiel/cic-att.xml|80190,id est Feralibus,eodem enim die video Caesarem a Corfinio post meridiem profectum esse id est Feralibus quo Canusio mane Pompeium 
Att,/proiel/cic-att.xml|80245,quaecumque fortuna eius fuerit,is quaecumque tibi de Caesare dixit quaeque Caesar scripsit scio re tibi probabit quaecumque fortuna eius fuerit verissime scripsisse 
off,/proiel/cic-off.xml|86037,opinor,Perfectum officium rectum opinor vocemus quoniam Graeci  
off,/proiel/cic-off.xml|86080,omnes autem velle debent,quod vitium effugere qui volet omnes autem velle debent adhibebit ad considerandas res et tempus et diligentiam
off,/proiel/cic-off.xml|86115,Nlla sancta scietas N fides regni st c,Quod enim est apud Ennium Nlla sancta scietas N c fides regni st id latius patet
off,/proiel/cic-off.xml|86157,nihil enim habeo praeter auditum,Ne noster quidem probandus si verum est Quintum Fabium Labeonem seu quem alium nihil enim habeo praeter auditum arbitrum Nolanis et Neapolitanis de finibus a senatu datum cum ad locum venisset cum utrisque separatim locutum ne cupide quid agerent ne appetenter atque ut regredi quam progredi mallent  
off,/proiel/cic-off.xml|86327,addo etiam utilitatem,Harum rerum duarum splendor omnis amplitudo addo etiam utilitatem in posteriore est causa autem et ratio efficiens magnos viros in priore   
off,/proiel/cic-off.xml|86351,haud scio an magis etiam ,Capessentibus autem rem publicam nihilo minus quam philosophis haud scio an magis etiam et magnificentia et despicientia adhibenda est rerum humanarum quam saepe dico et tranquillitas animi atque securitas siquidem ne c anxii futuri sunt et cum gravitate constantia que victuri 
off,/proiel/cic-off.xml|86376,attingit etiam bellicam quoniam vi manu que confecta est,quamquam haec quidem res non solum ex domestica est ratione attingit etiam bellicam quoniam vi manu que confecta est sed tamen id ipsum est gestum consilio urbano sine exercitu
off,/proiel/cic-off.xml|86483,derint dum mtuant,Sed tum servare illud potas quod deceat dicimus cum id quod quaque persona dignum est et fit et dicitur ut si Aeacus aut Minos diceret derint dum mtuant aut nats sepulchro ipse st parens indecorum videretur quod eos fuisse iustos accepimus
off,/proiel/cic-off.xml|86483,nats sepulchro ipse st parens,Sed tum servare illud potas quod deceat dicimus cum id quod quaque persona dignum est et fit et dicitur ut si Aeacus aut Minos diceret derint dum mtuant aut nats sepulchro ipse st parens indecorum videretur quod eos fuisse iustos accepimus
off,/proiel/cic-off.xml|86528,sunt enim quidam homines non re sed nomine,Quin etiam si quis est paulo ad voluptates propensior modo ne sit ex pecudum genere sunt enim quidam homines non re sed nomine sed si quis est paulo erectior quamvis voluptate capiatur occultat et dissimulat appetitum voluptatis propter verecundiam
off,/proiel/cic-off.xml|86535,alios videmus velocitate ad cursum alios viribus ad luctandum valere itemque in formis aliis dignitatem inesse aliis venustatem   ,Ut enim in corporibus magnae dissimilitudines sunt alios videmus velocitate ad cursum alios viribus ad luctandum valere itemque in formis aliis dignitatem inesse aliis venustatem sic in animis exsistunt maiores etiam varietates   
off,/proiel/cic-off.xml|86705,quod quidem his temporibus in multis licet dicere,O domus ntiqua heu quam dispari dominre domino quod quidem his temporibus in multis licet dicere
off,/proiel/cic-off.xml|86780,ut est certe,ea si maxima est ut est certe necesse est quod a communitate ducatur officium id esse maximum
off,/proiel/cic-off.xml|86796,id est ex societate generis humani,Itaque nisi ea virtus quae constat ex hominibus tuendis id est ex societate generis humani attingat cognitionem rerum solivaga cognitio et ieiuna videatur item que magnitudo animi remota communitate coniunctione que humana feritas sit quaedam et immanitas
Vul,/proiel/latin-nt.xml|10316,erant enim piscatores,et praeteriens secus mare Galilaeae vidit Simonem et Andream fratrem eius mittentes retia in mare erant enim piscatores et dixit eis Iesus
Vul,/proiel/latin-nt.xml|10379,dimittuntur tibi peccata,quid est facilius dicere paralytico dimittuntur tibi peccata an dicere surge et tolle grabattum tuum et ambula
Vul,/proiel/latin-nt.xml|10379,surge,quid est facilius dicere paralytico dimittuntur tibi peccata an dicere surge et tolle grabattum tuum et ambula
Vul,/proiel/latin-nt.xml|10379,tolle grabattum tuum,quid est facilius dicere paralytico dimittuntur tibi peccata an dicere surge et tolle grabattum tuum et ambula
Vul,/proiel/latin-nt.xml|10379,ambula,quid est facilius dicere paralytico dimittuntur tibi peccata an dicere surge et tolle grabattum tuum et ambula
Vul,/proiel/latin-nt.xml|10449,et inposuit eis nomina Boanerges quod est Filii tonitrui,et Iacobum Zebedaei et Iohannem fratrem Iacobi et inposuit eis nomina Boanerges quod est Filii tonitrui et Andream et Philippum et Bartholomeum et Mattheum et Thomam et Iacobum Alphei et Thaddeum et Simonem Cananeum et Iudam Scarioth qui et tradidit illum 
Vul,/proiel/latin-nt.xml|10646,manifestum enim factum est nomen eius,et audivit Herodes rex manifestum enim factum est nomen eius et dicebat quia
Vul,/proiel/latin-nt.xml|10711,erat enim ventus contrarius eis,et videns eos laborantes in remigando erat enim ventus contrarius eis et circa quartam vigiliam noctis venit ad eos ambulans super mare
Vul,/proiel/latin-nt.xml|10727,id est,et cum vidissent quosdam ex discipulis eius communibus manibus id est non lotis manducare panes vituperaverunt
Vul,/proiel/latin-nt.xml|10953,dico vobis,quisquis enim potum dederit vobis calicem aquae in nomine meo quia Christi estis amen dico vobis non perdet mercedem suam
Vul,/proiel/latin-nt.xml|11077,quid facitis ,et si quis vobis dixerit quid  facitis  dicite quia Domino necessarius  est et continuo illum  dimittet huc
Vul,/proiel/latin-nt.xml|11268,qui legit intellegat,cum autem videritis abominationem desolationis stantem ubi non debet qui legit intellegat tunc qui in Iudaea sunt fugiant in montes
Vul,/proiel/latin-nt.xml|11277,hic est Christus,et tunc si quis vobis dixerit ecce hic est Christus ecce illic ne credideritis 
agri,/proiel/pal-agr.xml|159999,hoc est,Decima die omnia gallinacea subtrahantur et alia item gallinacea totidem recentia subponantur quot ablata sunt ut tricesima luna hoc est expletis triginta diebus possint cum pauoninis ouis aperiri
agri,/proiel/pal-agr.xml|160016,id est,In fasianis nutriendis hoc seruandum est ut nouelli ad creandos fetus parentur id est qui anno superiore sunt editi
agri,/proiel/pal-agr.xml|160102,id est,Areae faciendae sunt angustiores et longae id est duodecim pedum longitudine et sex latitudine sic propter spatia utrimque purganda diuisae
agri,/proiel/pal-agr.xml|160255,id est,Instrumenta uero haec quae ruri necessaria sunt paremus aratra simplicia uel si plana regio permittit aurita quibus possit contra stationes umoris hiberni sata celsior sulcus adtollere bidentes dolabras falces putatorias quibus in arbore utamur et uite item messorias uel fenarias ligones lupos id est serrulas manubriatas minores maiores que ad mensuram cubiti quibus facile est quod per serram fieri non potest resecando trunco arboris aut uitis interseri acus per quas in pastinis sarmenta merguntur falces a tergo acutas atque lunatas cultellos item curuos minores per quos nouellis arboribus surculi aridi aut extantes facilius amputentur item falciculas breuissimas tubulatas quibus silicem solemus abscidere serrulas minores uangas runcones quibus uepreta persequimur secures simplices uel dolabratas sarculos uel simplices uel bicornes uel ascias in auersa parte referentes rastros item cauteres castratoria ferramenta atque tonsoria uel quae ad animalia solent pertinere medicinam Tunicas uero pellicias cum cucullis et ocreas manicas que de pellibus quae uel in siluis uel in uepribus rustico operi et uenatorio possint esse communes 
Pere,/proiel/per-aeth.xml|57406,id est ubi rubus erat,Et quoniam nobis ita erat iter ut prius montem Dei  ascenderemus qui hinc paret quia unde  ueniebamus melior ascensus erat et illinc denuo ad illud caput uallis  descenderemus id est ubi rubus erat quia melior descensus montis Dei erat inde itaque ergo hoc placuit ut uisis omnibus quae  desiderabamus descendentes a monte Dei ubi est rubus  ueniremus et inde totum per mediam uallem ipsam qua iacet in longo  rediremus ad iter cum hominibus Dei qui nobis singula loca quae scripta sunt per ipsam uallem ostendebant
Pere,/proiel/per-aeth.xml|63564,sicut et factum est,sicut et factum est
Pere,/proiel/per-aeth.xml|57411,id est,Illud sane satis admirabile est et sine Dei gratia puto illud non esse ut cum omnibus altior sit ille medianus qui specialis Syna dicitur id est in quo descendit maiestas Domini tamen uideri non possit nisi ad propriam radicem illius  ueneris antequam tamen eum  subeas
Pere,/proiel/per-aeth.xml|63923,ex ea parte autem non sentiebatur labor quia desiderium quod habebam iubente Deo uidebam compleri,ex ea parte autem non sentiebatur labor quia desiderium quod habebam iubente Deo uidebam compleri
Pere,/proiel/per-aeth.xml|57417,id est,hora ergo quarta  peruenimus in summitatem illam montis Dei sancti Syna ubi data est lex in eo id est locum ubi descendit maiestas Domini in ea die qua mons fumigabat
Pere,/proiel/per-aeth.xml|57418,id est summitas montis,In eo ergo loco est nunc ecclesia non grandis quoniam et ipse locus id est summitas montis non satis grandis est
Pere,/proiel/per-aeth.xml|57421,id est,Occurrerunt etiam et alii presbyteri ne c non etiam et omnes monachi qui ibi commorabantur iuxta montem illum id est qui tamen aut etate aut inbeccillitate non fuerunt impediti
Pere,/proiel/per-aeth.xml|57423,id est,Lecto ergo ipso loco omni de libro Moysi et facta oblatione ordine suo hac sic communicantibus nobis iam ut  exiremus de aecclesia dederunt nobis presbyteri loci ipsius eulogias id est de pomis quae in ipso monte nascuntur
Pere,/proiel/per-aeth.xml|57424,id est,Nam cum ipse mons sanctus Syna totus petrinus sit ita ut nec fruticem  habeat tamen deorsum prope radicem montium ipsorum id est seu circa illius qui medianus est seu circa illorum qui per giro sunt modica terrola est
Pere,/proiel/per-aeth.xml|57428,id est,Illud autem uos  uolo scire dominae uenerabiles sorores quia de eo loco ubi  stabamus id est in giro parietes ecclesiae id est de summitate montis ipsius mediani ita infra nos uidebantur esse illi montes quos primitus uix  ascenderamus iuxta istum medianum in quo  stabamus ac si essent illi colliculi cum tamen ita infiniti  essent ut non me  putarem aliquando altiores uidisse nisi quod hic medianus eos nimium praecedebat
Pere,/proiel/per-aeth.xml|57428,id est,Illud autem uos  uolo scire dominae uenerabiles sorores quia de eo loco ubi  stabamus id est in giro parietes ecclesiae id est de summitate montis ipsius mediani ita infra nos uidebantur esse illi montes quos primitus uix  ascenderamus iuxta istum medianum in quo  stabamus ac si essent illi colliculi cum tamen ita infiniti  essent ut non me  putarem aliquando altiores uidisse nisi quod hic medianus eos nimium praecedebat
Pere,/proiel/per-aeth.xml|63945,ibi enim est ecclesia,ibi enim est ecclesia
Pere,/proiel/per-aeth.xml|63946,ostenditur etiam ibi altarium lapideum quem posuit ipse sanctus Helias ad offerendum Deo sicut et illi sancti singula nobis ostendere dignabantur,ostenditur etiam ibi altarium lapideum quem posuit ipse sanctus Helias ad offerendum Deo sicut et illi sancti singula nobis ostendere dignabantur
Pere,/proiel/per-aeth.xml|57437,id est,Facta ergo et ibi oblatione  accessimus denuo ad alium locum non longe inde ostendentibus presbyteris uel monachis id est ad eum locum ubi steterat sanctus Aaron cum septuaginta senioribus cum sanctus Moyses acciperet a Domino legem ad filios Israhel
Pere,/proiel/per-aeth.xml|63948,sicut superius dixi ,sed non ipsa parte exire  habebamus qua  intraueramus sicut superius  dixi quia necesse nos erat et loca omnia sancta ambulare et monasteria quecumque erant ibi uidere et sic ad uallis illius quam superius  dixi caput exire id est huius uallis quae subiacet monti Dei
Pere,/proiel/per-aeth.xml|63948,id est,sed non ipsa parte exire  habebamus qua  intraueramus sicut superius  dixi quia necesse nos erat et loca omnia sancta ambulare et monasteria quecumque erant ibi uidere et sic ad uallis illius quam superius  dixi caput exire id est huius uallis quae subiacet monti Dei
Pere,/proiel/per-aeth.xml|57446,Solue corrigiam calciamenti tui ,Locus etiam ostenditur ibi iuxta ubi stetit sanctus Moyses quando ei dixit Deus  Solue corrigiam calciamenti tui et cetera
Pere,/proiel/per-aeth.xml|57453,id est,Et quoniam nobis iter sic erat ut per ualle illa media qua tenditur per longum  iremus id est illa ualle quam superius  dixi ubi sederant filii Israhel dum Moyses ascenderet in montem Dei et  descenderet itaque ergo singula quem ad modum  uenimus per ipsam totam uallem semper nobis sancti illi loca demonstrabant
Pere,/proiel/per-aeth.xml|57470,id est,Ac sic ergo singula quecumque scripta sunt in libris sanctis Moysi facta fuisse in eo loco id est in ea ualle quam dixi subiacere monti Dei id est sancto Syna ostensa sunt nobis
Pere,/proiel/per-aeth.xml|57470,id est,Ac sic ergo singula quecumque scripta sunt in libris sanctis Moysi facta fuisse in eo loco id est in ea ualle quam dixi subiacere monti Dei id est sancto Syna ostensa sunt nobis
Pere,/proiel/per-aeth.xml|57472,id est,Haec est ergo uallis ubi celebrata est pascha completo anno profectionis filiorum Israhel de terra Egypti quoniam in ipsa ualle filii Israhel commorati sunt aliquandiu id est donec sanctus Moyses ascenderet in montem Dei et descenderet primum et iterato et denuo
Pere,/proiel/per-aeth.xml|64012,tandiu ibi inmorati sunt donec fieret tabernaculum et singula quae ostensa sunt in montem Dei ,tandiu ibi  inmorati sunt donec fieret tabernaculum et singula quae ostensa sunt in montem Dei
Pere,/proiel/per-aeth.xml|57474,hoc est, Vidimus etiam in extrema iam ualle ipsa memorias concupiscentiae in eo tamen loco in quo denuo reuersi sumus ad iter nostrum hoc est ubi exeuntes de ualle illa grande  reingressi sumus uia qua  ueneramus inter montes illos quos superius  dixeram
Pere,/proiel/per-aeth.xml|57477,non dicam in his tantis et talibus quae circa me conferre dignatus est indignam et non merentem ut perambularem omnia loca quae mei meriti non erant   ,Et licet semper Deo in omnibus gratias agere  debeam non  dicam in his tantis et talibus quae circa me conferre  dignatus est indignam et non merentem ut  perambularem omnia loca quae mei meriti non erant tamen etiam et illis omnibus sanctis nec sufficio gratias agere qui meam paruitatem dignabantur in suis monasteriis libenti animo suscipere uel certe per omnia loca deducere quae ego semper iuxta scripturas sanctas requirebam
Pere,/proiel/per-aeth.xml|57481,id est,Ac tertia die inde maturantes  uenimus denuo ad mansionem id est in desertum Faran ubi et euntes  manseramus sicut et superius  dixi
Pere,/proiel/per-aeth.xml|57481,sicut et superius dixi ,Ac tertia die inde maturantes  uenimus denuo ad mansionem id est in desertum Faran ubi et euntes  manseramus sicut et superius  dixi
Pere,/proiel/per-aeth.xml|57482,id est,Inde denuo alia die facientes aquam et euntes adhuc aliquantulum inter montes  peruenimus ad mansionem quae erat iam super mare id est in eo loco ubi iam de inter montes exitur et incipitur denuo totum iam iuxta mare ambulari sic tamen iuxta mare ut subito fluctus animalibus pedes caedat subito etiam et in centum et in ducentis passibus aliquotiens etiam et plus quam quingentos passus de mari per heremum ambuletur 
Pere,/proiel/per-aeth.xml|57489,id est,Filii etiam Israhel reuertentes a monte Dei Syna usque ad eum locum reuersi sunt per iter quod  ierant id est usque ad eum locum ubi de inter montes  exiuimus et  iunximus nos denuo ad mare rubrum et inde nos iam iter nostrum quo ueneramus reuersi sumus
Pere,/proiel/per-aeth.xml|57493,id est,Sane licet terra Gesse iam nosse id est qua primitus ad Egyptum  fueram tamen ut  peruiderem omnia loca quae filii Israhel exeuntes de Ramesse tetigerant euntes donec  peruenirent usque ad mare rubrum qui locus nunc de castro qui ibi est appellatur Clesma desiderii ergo fuit ut de Clesma ad terram Gesse  exiremus id est ad ciuitatem quae appellatur Arabia quae ciuitas in terra Gesse est nam inde ipsum territorium sic appellatur id est terra Arabiae terra Iesse quae tamen terra Egypti pars est sed melior satis quam omnis Egyptus est
Pere,/proiel/per-aeth.xml|57493,id est,Sane licet terra Gesse iam nosse id est qua primitus ad Egyptum  fueram tamen ut  peruiderem omnia loca quae filii Israhel exeuntes de Ramesse tetigerant euntes donec  peruenirent usque ad mare rubrum qui locus nunc de castro qui ibi est appellatur Clesma desiderii ergo fuit ut de Clesma ad terram Gesse  exiremus id est ad ciuitatem quae appellatur Arabia quae ciuitas in terra Gesse est nam inde ipsum territorium sic appellatur id est terra Arabiae terra Iesse quae tamen terra Egypti pars est sed melior satis quam omnis Egyptus est
Pere,/proiel/per-aeth.xml|57493,nam inde ipsum territorium sic appellatur terra Arabiae terra Iesse quae tamen terra Egypti pars est sed melior satis quam omnis Egyptus est,Sane licet terra Gesse iam nosse id est qua primitus ad Egyptum  fueram tamen ut  peruiderem omnia loca quae filii Israhel exeuntes de Ramesse tetigerant euntes donec  peruenirent usque ad mare rubrum qui locus nunc de castro qui ibi est appellatur Clesma desiderii ergo fuit ut de Clesma ad terram Gesse  exiremus id est ad ciuitatem quae appellatur Arabia quae ciuitas in terra Gesse est nam inde ipsum territorium sic appellatur id est terra Arabiae terra Iesse quae tamen terra Egypti pars est sed melior satis quam omnis Egyptus est
Pere,/proiel/per-aeth.xml|57493,id est,Sane licet terra Gesse iam nosse id est qua primitus ad Egyptum  fueram tamen ut  peruiderem omnia loca quae filii Israhel exeuntes de Ramesse tetigerant euntes donec  peruenirent usque ad mare rubrum qui locus nunc de castro qui ibi est appellatur Clesma desiderii ergo fuit ut de Clesma ad terram Gesse  exiremus id est ad ciuitatem quae appellatur Arabia quae ciuitas in terra Gesse est nam inde ipsum territorium sic appellatur id est terra Arabiae terra Iesse quae tamen terra Egypti pars est sed melior satis quam omnis Egyptus est
Pere,/proiel/per-aeth.xml|57494,id est,Sunt ergo a Clesma id est a mare rubro usque ad Arabiam ciuitatem mansiones quattuor per heremo sic tamen per heremum ut cata mansiones monasteria sint cum militibus et praepositis qui nos deducebant semper de castro ad castrum
Pere,/proiel/per-aeth.xml|57495,hoc est clerici uel monachi,In eo ergo itinere sancti qui nobis cum erant hoc est clerici uel monachi ostendebant nobis singula loca quae semper ego iuxta scripturas requirebam
Pere,/proiel/per-aeth.xml|64044,immo in eo loco fuimus ,immo in eo loco  fuimus
Pere,/proiel/per-aeth.xml|57506,id est,Heroum autem ciuitas quae fuit illo tempore id est ubi occurrit Ioseph patri suo Iacob uenienti sicut scriptum est in libro Genesis nunc est comes sed grandis quod nos dicimus uicus
Pere,/proiel/per-aeth.xml|64047,nam et pars quedam fluminis Nili ibi currit,nam et pars quedam fluminis Nili ibi currit
Pere,/proiel/per-aeth.xml|57517,id est Moysi et Aaron,Nunc autem ibi nichil aliud est nisi tantum unus lapis ingens Thebeus in quo sunt duae statuae exclusae ingentes quas  dicunt esse sanctorum hominum id est Moysi et Aaron
Pere,/proiel/per-aeth.xml|64050,nam iam uetustissima est ,nam iam uetustissima  est et ideo permodica  est licet tamen adhuc fructus  afferat
Pere,/proiel/per-aeth.xml|64050,ideo permodica est licet tamen adhuc fructus afferat  ,nam iam uetustissima  est et ideo permodica  est licet tamen adhuc fructus  afferat
Pere,/proiel/per-aeth.xml|64051,id est,nam ipse nobis dixit nomen ipsius arboris quemadmodum  appellant eam grece id est quod nos dicimus arbor ueritatis
Pere,/proiel/per-aeth.xml|64089,ut et superius dixi ,nam a pisinno in monasterio nutritus est et ideo aut tam eruditus in scripturis  est aut tam emendatus in omni uita sua ut et superius  dixi
Pere,/proiel/per-aeth.xml|64090,id est,iam autem quoniam ager publicus erat per Egyptum quod transiebat per Arabiam ciuitatem id est quod mittit de Thebaida in Pelusio et ideo iam non fuit necesse uexare milites
Pere,/proiel/per-aeth.xml|57534,ut superius dixi ,Et licet ea loca ut superius  dixi iam nosse id est quando Alexandriam uel ad Thebaidem  fueram tamen quia ad plenum discere  uolebam loca quae ambulauerunt filii Israhel proficiscentes ex Ramesse usque ad montem Dei sanctum Syna ac sic necesse fuit etiam denuo ad terram Gessen reuerti et inde Tathnis  
Pere,/proiel/per-aeth.xml|57534,id est quando Alexandriam uel ad Thebaidem fueram  ,Et licet ea loca ut superius  dixi iam nosse id est quando Alexandriam uel ad Thebaidem  fueram tamen quia ad plenum discere  uolebam loca quae ambulauerunt filii Israhel proficiscentes ex Ramesse usque ad montem Dei sanctum Syna ac sic necesse fuit etiam denuo ad terram Gessen reuerti et inde Tathnis  
Pere,/proiel/per-aeth.xml|57538,id est,Et inde in nomine Christi Dei nostri faciens denuo mansiones aliquod per Palestina  regressa sum in Helia id est in Ierusolimam
Pere,/proiel/per-aeth.xml|57539,id est,Item transacto aliquanto tempore et iubente Deo fuit denuo uoluntas accedendi usque ad Arabiam id est ad montem Nabau in eo loco in quo iussit Deus ascendere Moysen dicens ad eum
Pere,/proiel/per-aeth.xml|57542,id est,Proficiscens ergo Ierusolima faciens iter cum sanctis id est presbytero et diaconibus de Ierusolima et fratribus aliquantis id est monachis  peruenimus ergo usque ad eum locum Iordanis ubi filii Israhel transierant quando eos sanctus Iesus filius Naue Iordanem traiecerat sicut scriptum est in libro Iesu Naue
Pere,/proiel/per-aeth.xml|57542,id est,Proficiscens ergo Ierusolima faciens iter cum sanctis id est presbytero et diaconibus de Ierusolima et fratribus aliquantis id est monachis  peruenimus ergo usque ad eum locum Iordanis ubi filii Israhel transierant quando eos sanctus Iesus filius Naue Iordanem traiecerat sicut scriptum est in libro Iesu Naue
Pere,/proiel/per-aeth.xml|57559,id est,Euntibus nobis commonuit presbyter loci ipsius id est de Libiade quem ipsum nobis cum rogantes  moueramus de mansione quia melius ipsa loca  nouerat
Pere,/proiel/per-aeth.xml|57561,id est,Si  uultis uidere aquam quae fluit de petra id est quam dedit Moyses filiis Israhel sitientibus  potestis uidere si tamen  uolueritis laborem uobis imponere ut de uia  camsemus forsitan miliario sexto
Pere,/proiel/per-aeth.xml|57583,id est,Tunc autem qui erant loci notores id est presbyteri uel monachi sancti dixerunt nobis
Pere,/proiel/per-aeth.xml|57588,id est,tantum eminebat excelsus locus ubi  stabamus id est ante hostium ecclesiae
Pere,/proiel/per-aeth.xml|57596,id est,Nam episcopus loci ipsius id est de Segor dixit nobis quoniam iam aliquot anni essent a quo non pareret columna illa
Pere,/proiel/per-aeth.xml|57598,id est,Item de dextra parte ecclesiae a foras tamen  accessimus et ostense sunt nobis inde a contra duae ciuitates id est Esebon quae fuit regis Seon regis Amorreorum quae nunc appellatur Exebon et alia Og regis Basan quae nunc dicitur Sasdra
Pere,/proiel/per-aeth.xml|57618,id est,Nam hic est locus ubi optulit Melchisedech hostias Deo puras id est panes et uinum sicut scriptum est eum fecisse
Pere,/proiel/per-aeth.xml|57621,id est,Cum ergo  descendissemus ait nobis ille sanctus presbyter iam senior et de scripturis bene instructus id est qui ipsi loco praeerat ex monacho cui presbytero et episcopi plurimi quantum postmodum  cognouimus uitae ipsius testimonium grande  ferebant
Pere,/proiel/per-aeth.xml|57622,ut superius dixi ,cum ergo  descendissemus ut superius  dixi de ecclesia deorsum ait nobis ipse sanctus presbyter
Pere,/proiel/per-aeth.xml|57635,id est,In hodie hic hortus aliter non appellatur greco sermone nisi copos tu agiu Iohanni id est quod uos dicitis Latine hortus sancti Iohannis
Pere,/proiel/per-aeth.xml|57638,id est,Illud etiam presbyter sanctus dixit nobis eo quod usque in hodierna die semper cata pascha quicumque essent baptizandi in ipso uico id est in ecclesia quae appellatur opu Melchisedech omnes in ipso fonte baptizarentur sic  redirent mature ad candelas cum clericis et monachis dicendo psalmos uel antiphonas et sic a fonte usque ad ecclesiam sancti Melchisedech deducerentur mature omnes qui fuissent baptizati
Pere,/proiel/per-aeth.xml|57639,id est,Nos ergo accipientes de presbytero eulogias id est de pomario sancti Iohannis baptistae similiter et de sanctis monachis qui ibi monasteria habebant in ipso horto pomario et gratias semper Deo agentes profecti sumus iter nostrum quo  ibamus
Pere,/proiel/per-aeth.xml|57640,id est,Ac sic ergo euntes aliquandiu per uallem Iordanis super ripam fluminis ipsius quia ibi nobis iter erat aliquandiu ad subito  uidimus ciuitatem sancti prophetae Heliae id est Thesbe unde ille habuit nomen Helias Thesbites
Pere,/proiel/per-aeth.xml|57644,id est,Et ibi in ipsa ualle uidimus monasterium cuiusdam fratris nunc id est monachi
Pere,/proiel/per-aeth.xml|57646,id est,Tunc dixerunt nobis sancti qui nobis cum iter faciebant id est loci notores
Pere,/proiel/per-aeth.xml|57658,id est,Item in nomine Dei transacto aliquanto tempore cum iam tres anni pleni essent a quo in Ierusolimam uenisse uisis etiam omnibus locis sanctis ad quos orationis gratiam me  tenderam et ideo iam reuertendi ad patriam animus esset  uolui iubente Deo ut et ad Mesopotamiam Syriae accedere ad uisendos sanctos monachos qui ibi plurimi et tam eximiae uitae esse dicebantur ut uix referri possit ne c non etiam et gratia orationis ad martyrium sancti Thomae apostoli ubi corpus illius integrum positum est id est apud Edessam
Pere,/proiel/per-aeth.xml|64141,quoque epistolam cum grandi reuerentia apud Edessam ciuitatem ubi est ipsud martyrium custoditur,quoque epistolam cum grandi reuerentia apud Edessam ciuitatem ubi est ipsud martyrium custoditur
Pere,/proiel/per-aeth.xml|57660,id est,Nam michi credat  uolo affectio uestra quoniam nullus christianorum est qui non se tendat illuc gratia orationis quicumque tamen usque ad loca sancta id est in Ierusolimis accesserit et hic locus de Ierusolima uicesima et quinta mansione est
Pere,/proiel/per-aeth.xml|57662,id est,Itaque ergo in nomine Christi Dei nostri  profecta sum de Anthiocia ad Mesopotamiam habens iter per mansiones seu ciuitates aliquot prouinciae Sirie Celen quae est Anthiociae et inde ingressa fines prouinciae Augustofratensis  perueni ad ciuitatem Gerapolim quae est metropolis ipsius prouinciae id est Augustofratensis
Pere,/proiel/per-aeth.xml|57666,id est,Ac sic denuo faciens iter per mansiones aliquot  perueni ad ciuitatem cuius nomen in scripturis positum  legimus id est Batanis quae ciuitas usque in hodie est
Pere,/proiel/per-aeth.xml|57674,Quoniam uideo te gratia religionis tam magnum laborem tibi imposuisse ut de extremis porro terris uenires ad haec loca itaque ergo si libenter habes quaecumque loca sunt hic grata ad uidendum Christianis ostendimus tibi   ,Et quoniam sanctus episcopus ipsius ciuitatis uir uere religiosus et monachus et confessor suscipiens me libenter ait michi Quoniam  uideo te filia gratia religionis tam magnum laborem tibi imposuisse ut de extremis porro terris  uenires ad haec loca itaque ergo si libenter  habes quaecumque loca sunt hic grata ad uidendum Christianis ostendimus tibi tunc ergo gratias agens Deo primum et sic ipsi  rogaui plurimum ut  dignaretur facere quod  dicebat
Pere,/proiel/per-aeth.xml|57681,id est,Item  perintrauimus in interiori parte palatii et ibi erant fontes piscibus pleni quales ego adhuc nunquam uidi id est tantae magnitudinis uel tam perlustres aut tam boni saporis
Pere,/proiel/per-aeth.xml|57698,id est,Ac sic iubente Deo qui hoc promiserat futurum necesse fuit eos statim reuerti ad sua id est in Persida
Pere,/proiel/per-aeth.xml|57704,id est,Sed postmodum quam hii fontes in eo loco eruperunt tunc ipse Aggarus filio suo Magno id est isti cuius archiotipa  uides iuxta patre posita hoc palatium fecit in eo loco ita tamen ut hii fontes intra palatium includerentur
Pere,/proiel/per-aeth.xml|57717,id est,Ibi ergo cum  uenissem id est in Charra ibi statim  fui ad ecclesiam quae est intra ciuitate ipsa
Pere,/proiel/per-aeth.xml|57719,id est,Nam  duxit nos statim ad ecclesiam quae est foras ciuitatem in eo loco ubi fuit domus sancti Abrahae id est in ipsis fundamentis et de ipso lapide ut tamen dicebat sanctus episcopus
Pere,/proiel/per-aeth.xml|57723,id est,Ecce puteus unde potauit sancta Rebecca camelos pueri sancti Abrahae id est Eleazari et singula ita nobis dignabatur ostendere 
Pere,/proiel/per-aeth.xml|57724,id est,Nam ecclesia quam  dixi foras ciuitatem dominae sorores uenerabiles ubi fuit primitus domus Abrahae nunc et martyrium ibi positum est id est sancti cuiusdam monachi nomine Helpidi 
Pere,/proiel/per-aeth.xml|57725,id est,Hoc autem nobis satis gratum euenit ut pridie martyrium die ibi  ueniremus id est sancti ipsius Helpidii nono k Maias ad quam diem necesse fuit undique et de omnibus Mesopotamiae finibus omnes monachos in Charra descendere etiam et illos maiores qui in solitudine sedebant quos ascites  uocant per diem ipsum qui ibi satis granditer attenditur et propter memoriam sancti Abrahae quia domus ipsius fuit ubi nunc ecclesia est in qua positum est corpus ipsius sancti martyris
Pere,/proiel/per-aeth.xml|58429,id est,Naor autem uel Bathuhelem non  legi quando in isto loco  transierint nisi quod hoc solum  scio quia postmodum puer Abraae ut  peteret Rebeccam filiam Bathuhelis filii Nahor filio domini sui Abraae id est Ysaac in Charra uenerit
Pere,/proiel/per-aeth.xml|58442,id est,omnia tamen de scripturis Dei uel sanctis uiris gesta id est monachis siue qui iam recesserant quae mirabilia fecerint siue etiam qui adhuc in corpore sunt quae cotidie faciant hi tamen qui sunt ascites 
Pere,/proiel/per-aeth.xml|57765,id est,Sed quoniam de Tharso tertia mansione id est in Hisauria est martyrium sanctae Teclae gratum fuit satis ut etiam illuc  accederem praesertim cum tam in proximo esset
Pere,/proiel/per-aeth.xml|57779,id est,Et inde alia die subiens montem Taurum et faciens iter iam notum per singulas prouincias quas eundo  transiueram id est Cappadociam Galatiam et Bithyniam  perueni Calcedona ubi propter famosissimum martyrium sanctae Eufimiae ab olim michi notum iam quod ibi est  mansi loco
Pere,/proiel/per-aeth.xml|57780,id est,Ac sic ergo alia die transiens mare  perueni Constantinopolim agens Christo Deo nostro gratias quod michi indignae et non merenti praestare  dignatus est tantam gratiam id est ut non solum uoluntatem eundi sed et facultatem perambulandi quae desiderabam  dignatus fuerat praestare et reuertendi denuo Constantinopolim
Pere,/proiel/per-aeth.xml|57782,id est,De quo loco domnae lumen meum cum haec ad uestram affectionem  darem iam propositi erat in nomine Christi Dei nostri ad Asiam accedendi id est Efesum propter martyrium sancti et beati apostoli Iohannis gratia orationis
Pere,/proiel/per-aeth.xml|64233,id est,similiter descendet et non  sedet sed statim  intrat intra cancellos intra Anastasim id est intra speluncam ubi et mature et inde similiter primum  facit orationem sic  benedicet fideles et sic exiens de intro cancellos similiter ei ad manum acceditur 
Pere,/proiel/per-aeth.xml|57798,id est,Lumen autem de foris non affertur sed de spelunca interiori eicitur ubi noctu ac die semper lucerna lucet id est de intro cancellos
Pere,/proiel/per-aeth.xml|57801,id est,Et ad ubi  perdicti fuerint iuxta consuetudinem lebat se episcopus et  stat ante cancellum id est ante speluncam et unus ex diaconibus facit commemorationem singulorum sicut solet esse consuetudo
Pere,/proiel/per-aeth.xml|57816,id est,Septima autem die id est dominica die ante pullorum cantum colliget se omnis multitudo quaecumque esse potest in eo loco ac si per pascha in basilica quae est loco iuxta Anastasim foras tamen ubi luminaria pro hoc ipsud pendent
Pere,/proiel/per-aeth.xml|57846,id est,Et cum toto anno semper dominica die in ecclesia maiore procedatur id est quae in Golgotha est id est post Crucem quam fecit Constantinus una tantum die dominica id est quinquagesimarum per pentecosten in Syon proceditur sicut infra annotatum  inuenietis
Pere,/proiel/per-aeth.xml|57846,id est,Et cum toto anno semper dominica die in ecclesia maiore procedatur id est quae in Golgotha est id est post Crucem quam fecit Constantinus una tantum die dominica id est quinquagesimarum per pentecosten in Syon proceditur sicut infra annotatum  inuenietis
Pere,/proiel/per-aeth.xml|57846,id est,Et cum toto anno semper dominica die in ecclesia maiore procedatur id est quae in Golgotha est id est post Crucem quam fecit Constantinus una tantum die dominica id est quinquagesimarum per pentecosten in Syon proceditur sicut infra annotatum  inuenietis
Pere,/proiel/per-aeth.xml|57848,id est,Et quoniam pro monazontes qui pedibus uadent necesse est lenius iri ac sic peruenitur in Ierusolima ea hora qua incipit homo hominem posse cognoscere id est prope luce antequam tamen lux fiat 
Pere,/proiel/per-aeth.xml|57866,id est,Quarta die in Eleona id est in ecclesia quae est in monte Oliueti pulchra satis similiter omnia ita ornantur et ita celebrantur ibi quinta die in Lazariu quod est ab Ierusolima forsitan ad mille quingentos passus
Pere,/proiel/per-aeth.xml|57878,ut superius dixi ,Ac sic ergo de octo septimanis deductis octo diebus dominicis et septem sabbatis quia necesse est una sabbati ieiunari ut superius  dixi remanent dies quadraginta et unum qui  ieiunantur quod hic  appellant eortae id est quadragesimas
Pere,/proiel/per-aeth.xml|57878,id est,Ac sic ergo de octo septimanis deductis octo diebus dominicis et septem sabbatis quia necesse est una sabbati ieiunari ut superius  dixi remanent dies quadraginta et unum qui  ieiunantur quod hic  appellant eortae id est quadragesimas
Pere,/proiel/per-aeth.xml|57879,id est,Singuli autem dies singularum ebdomadarum aguntur sic id est ut die dominica de pullo primo legat episcopus intra Anastase locum resurrectionis Domini de euangelio sicut et toto anno dominicis diebus fit et similiter usque ad lucem aguntur ad Anastasem et ad Crucem quae et toto anno dominicis diebus fiunt
Pere,/proiel/per-aeth.xml|58658,id est,ad nonam autem quia consuetudo est semper id est toto anno quarta feria et sexta feria ad nona in Syon procedi quoniam in istis locis excepto si martirorum dies euenerit semper quarta et sexta feria etiam et a cathecuminis ieiunatur 
Pere,/proiel/per-aeth.xml|57891,ut superius dixi ,Diebus uero quadragesimarum ut superius  dixi quarta feria ad nona in Sion proceditur iuxta consuetudinem totius anni et omnia aguntur quae consuetudo est ad nonam agi praeter oblatio
Pere,/proiel/per-aeth.xml|57894,id est,Missa autem lucernari in isdem diebus id est quadragesimarum serius fit semper quam per toto anno
Pere,/proiel/per-aeth.xml|57897,id est,Sed sexta feria uigiliae in Anastase celebrantur ab ea hora qua de Sion uentum fuerit cum ymnis usque in mane id est de hora lucernari quemadmodum intratum fuerit in alia die mane id est sabbato
Pere,/proiel/per-aeth.xml|57897,id est,Sed sexta feria uigiliae in Anastase celebrantur ab ea hora qua de Sion uentum fuerit cum ymnis usque in mane id est de hora lucernari quemadmodum intratum fuerit in alia die mane id est sabbato
Pere,/proiel/per-aeth.xml|57900,hoc est,Missa autem quae fit sabbato ad Anastase ante solem fit hoc est oblatio ut ea hora qua incipit sol procedere et missa in Anastase facta sit
Pere,/proiel/per-aeth.xml|57902,id est,Quod autem  dixi maturius fit missa sabbato id est ante solem
Pere,/proiel/per-aeth.xml|57903,id est,Nam talis consuetudo est hic ieiuniorum in quadragesimis ut hi quos  appellant ebdomadarios id est qui faciunt septimanas dominica die quia hora quinta fit missa ut  manducent
Pere,/proiel/per-aeth.xml|57907,id est,Ieiuniorum enim consuetudo hic talis est in quadragesimis ut alii quem ad modum  manducauerint dominica die post missa id est hora quinta aut sexta iam non manducent per tota septimana nisi sabbato ueniente post missa Anastasis hi qui faciunt ebdomadas
Pere,/proiel/per-aeth.xml|57908,id est,Sabbato autem quod  manducauerint mane iam nec sera manducant sed ad aliam diem id est dominica  prandent post missa ecclesiae hora quinta uel plus et postea iam non  manducant nisi sabbato ueniente sicut superius  dixi
Pere,/proiel/per-aeth.xml|57908,sicut superius dixi ,Sabbato autem quod  manducauerint mane iam nec sera manducant sed ad aliam diem id est dominica  prandent post missa ecclesiae hora quinta uel plus et postea iam non  manducant nisi sabbato ueniente sicut superius  dixi
Pere,/proiel/per-aeth.xml|57919,id est,Septima autem septimana cum uenerit id est quando iam due superant cum ipsa ut pascha sit singulis diebus omnia quidem sic aguntur sicut et ceteris septimanis quae transierunt tantum modo quod uigiliae quae in illis sex septimanis in Anastase factae sunt 
Pere,/proiel/per-aeth.xml|57920,id est,Septima autem septimana id est sexta feria in Syon fiunt uigiliae iuxta consuetudinem eam qua in Anastase factae sunt per sex septimanas
Pere,/proiel/per-aeth.xml|57926,id est,Lazarium autem id est Bethania est forsitan secundo miliario a ciuitate
Pere,/proiel/per-aeth.xml|57932,id est,Iam autem ut fiat missa denuntiatur pascha id est subit presbyter in altiori loco et  leget illum locum qui scriptus est in euangelio Cum uenisset Iesus in Bethania ante sex dies paschae et cetera
Pere,/proiel/per-aeth.xml|57937,id est,Alia ergo die id est dominica qua intratur in septimana paschale quam hic  appellant septimana maior celebratis de pullorum cantu his quae consuetudinis sunt in Anastase uel ad Crucem usque ad mane agi die ergo dominica mane proceditur iuxta consuetudinem in ecclesia maiore quae appellatur Martyrium
Pere,/proiel/per-aeth.xml|57939,id est,Propterea autem Martyrium  appellatur quia in Golgotha est id est post Crucem ubi Dominus passus est et ideo Martyrio 
Pere,/proiel/per-aeth.xml|57941,id est,Ista septimana omne id est de die crastino hora nona omnes ad Martyrium conueniamus id est in ecclesia maiore
Pere,/proiel/per-aeth.xml|57941,id est,Ista septimana omne id est de die crastino hora nona omnes ad Martyrium conueniamus id est in ecclesia maiore
Pere,/proiel/per-aeth.xml|57944,id est,Facta ergo missa in ecclesia maiore id est ad Martyrium deducitur episcopus cum ymnis ad Anastase et ibi completis quae consuetudo est diebus dominicis fieri in Anastase post missa Martyrii et iam unusquisque hiens ad domum suam festinat manducare ut hora inquoante septima omnes in ecclesia parati sint quae est in Eleona id est in monte Oliueti ubi est spelunca illa in qua docebat Dominus
Pere,/proiel/per-aeth.xml|57944,id est,Facta ergo missa in ecclesia maiore id est ad Martyrium deducitur episcopus cum ymnis ad Anastase et ibi completis quae consuetudo est diebus dominicis fieri in Anastase post missa Martyrii et iam unusquisque hiens ad domum suam festinat manducare ut hora inquoante septima omnes in ecclesia parati sint quae est in Eleona id est in monte Oliueti ubi est spelunca illa in qua docebat Dominus
Pere,/proiel/per-aeth.xml|57945,id est,Hora ergo septima omnis populus ascendet in monte Oliueti id est in Eleona in ecclesia sed et episcopus
Pere,/proiel/per-aeth.xml|57946,id est,Et cum ceperit se facere hora nona subitur cum ymnis in Inbomon id est in eo loco de quo ascendit Dominus in caelis et ibi seditur
Pere,/proiel/per-aeth.xml|57957,id est,Item alia die id est secunda feria aguntur quae consuetudinis sunt de pullo primo agi usque ad mane ad Anastase
Pere,/proiel/per-aeth.xml|57958,id est,Ad nona autem omnes in ecclesia maiore id est ad Martyrium colligent se et ibi usque ad horam primam noctis semper ymni et antiphonae dicuntur
Pere,/proiel/per-aeth.xml|57964,id est,In qua ecclesia cum uentum fuerit intrat episcopus intra spelunca in qua spelunca solebat Dominus docere discipulos et accipit codicem euangelii et stans ipse episcopus leget uerba Domini quae scripta sunt in euangelio in cata Mattheo id est ubi  dicit
Pere,/proiel/per-aeth.xml|57983,Et accessit quantum iactus lapidis  ,Ac sic ergo cum ceperit esse pullorum cantus descenditur de Imbomon cum ymnis et acceditur eodem loco ubi orauit Dominus sicut scriptum est in euangelio Et  accessit quantum iactus lapidis et  orauit et cetera 
Pere,/proiel/per-aeth.xml|57983,orauit ,Ac sic ergo cum ceperit esse pullorum cantus descenditur de Imbomon cum ymnis et acceditur eodem loco ubi orauit Dominus sicut scriptum est in euangelio Et  accessit quantum iactus lapidis et  orauit et cetera 
Pere,/proiel/per-aeth.xml|58000,id est,De hora enim sexta denuo necesse  habemus hic omnes conuenire in isto loco id est ante Crucem ut lectionibus et orationibus usque ad noctem operam  demus
Pere,/proiel/per-aeth.xml|58001,id est,Post hoc ergo missa facta de Cruce id est antequam sol procedat statim unusquisque animosi uadent in Syon orare ad columnam illam ad quem flagellatus est Dominus
Pere,/proiel/per-aeth.xml|58006,nescio quando  ,Et quoniam  nescio quando dicitur quidam fixisse morsum et  furasse de sancto ligno ideo nunc a diaconibus qui in giro stant sic  custoditur ne qui ueniens audeat denuo sic facere 
Pere,/proiel/per-aeth.xml|64281,id est,usque ad horam sextam omnis populus transit per unum ostium intrans per alterum perexiens quoniam hoc in eo loco fit in quo pridie id est quinta feria oblatio facta est 
Pere,/proiel/per-aeth.xml|58010,id est,At ubi autem sexta hora se fecerit sic itur ante Crucem si ue pluuia siue estus sit quia ipse locus subdiuanus est id est quasi atrium ualde grandem et pulchrum satis quod est inter Cruce et Anastase
Pere,/proiel/per-aeth.xml|58013,id est,id est ita legitur primum de psalmis ubicumque de passione  dixit
Pere,/proiel/per-aeth.xml|59998,id est,clerici autem uigilant ibi id est qui aut fortiores sunt aut iuueniores et tota nocte dicuntur ibi ymni et antiphonae usque ad mane
Pere,/proiel/per-aeth.xml|60003,id est,ad nonam autem iam non fit sabbato sed parantur uigiliae paschales in ecclesia maiore id est in Martyrium
Pere,/proiel/per-aeth.xml|58035,id est,Proceditur autem ipsa die dominica prima in ecclesia maiore id est ad Martyrium et secunda feria et tertia feria ubi ita tamen ut semper missa facta de Martyrio ad Anastase ueniatur cum ymnis 
Pere,/proiel/per-aeth.xml|60043,id est,dominica autem die id est octauis denuo in ecclesia maiore id est ad Martyrium 
Pere,/proiel/per-aeth.xml|60043,id est,dominica autem die id est octauis denuo in ecclesia maiore id est ad Martyrium 
Pere,/proiel/per-aeth.xml|58037,id est,Ipsis autem octo diebus paschalibus cotidie post prandium episcopus cum omni clero et omnibus infantibus id est qui baptidiati fuerint et omnibus qui aputactitae sunt uiri ac feminae ne c non etiam et de plebe quanti uolunt in Eleona ascendent
Pere,/proiel/per-aeth.xml|64293,id est,fiunt orationes tam in ecclesia quae in Eleona est in qua est spelunca in qua docebat Iesus discipulos tam etiam in Imbomon id est in eo loco de quo Dominus ascendit in caelis 
Pere,/proiel/per-aeth.xml|58041,id est,Sane dominica die per pascha post missa lucernarii id est de Anastase omnis populus episcopum cum ymnis in Syon ducet
Pere,/proiel/per-aeth.xml|60064,id est,id est quando tunc unus ex discipulis ibi non erat id est Thomas qua reuersus est et dicentibus ei aliis apostolis quia Dominum uidissent ille dixit
Pere,/proiel/per-aeth.xml|60064,id est,id est quando tunc unus ex discipulis ibi non erat id est Thomas qua reuersus est et dicentibus ei aliis apostolis quia Dominum uidissent ille dixit
Pere,/proiel/per-aeth.xml|58045,id est,Item octauis paschae id est die dominica statim post sexta omnis populus cum episcopo ad Eleona ascendit
Pere,/proiel/per-aeth.xml|58052,id est,A pascha autem usque ad quinquagesima id est pentecosten hic penitus nemo ieiunat nec ipsi aputactitae qui sunt
Pere,/proiel/per-aeth.xml|58054,id est,Dominicis autem diebus semper in Martyrio id est in ecclesia maiore proceditur iuxta consuetudinem et inde itur ad Anastase cum ymnis
Pere,/proiel/per-aeth.xml|58056,id est,Die autem quadragesimarum post pascha id est quinta feria pridie omnes post sexta id est quarta feria in Bethleem uadunt propter uigilias celebrandas Fiunt autem uigiliae in ecclesia in Bethleem in qua ecclesia spelunca est ubi natus est Dominus Alia die autem id est quinta feria quadragesimarum celebratur missa ordine suo ita ut et presbyteri et episcopus praedicent dicentes apte diei et loco et postmodum sera reuertuntur unusquisque in Ierusolima
Pere,/proiel/per-aeth.xml|58056,id est,Die autem quadragesimarum post pascha id est quinta feria pridie omnes post sexta id est quarta feria in Bethleem uadunt propter uigilias celebrandas Fiunt autem uigiliae in ecclesia in Bethleem in qua ecclesia spelunca est ubi natus est Dominus Alia die autem id est quinta feria quadragesimarum celebratur missa ordine suo ita ut et presbyteri et episcopus praedicent dicentes apte diei et loco et postmodum sera reuertuntur unusquisque in Ierusolima
Pere,/proiel/per-aeth.xml|58056,pridie omnes post sexta quarta feria in Bethleem uadunt propter uigilias celebrandas,Die autem quadragesimarum post pascha id est quinta feria pridie omnes post sexta id est quarta feria in Bethleem uadunt propter uigilias celebrandas Fiunt autem uigiliae in ecclesia in Bethleem in qua ecclesia spelunca est ubi natus est Dominus Alia die autem id est quinta feria quadragesimarum celebratur missa ordine suo ita ut et presbyteri et episcopus praedicent dicentes apte diei et loco et postmodum sera reuertuntur unusquisque in Ierusolima
Pere,/proiel/per-aeth.xml|58056,Fiunt autem uigiliae in ecclesia in Bethleem in qua ecclesia spelunca est ubi natus est Dominus,Die autem quadragesimarum post pascha id est quinta feria pridie omnes post sexta id est quarta feria in Bethleem uadunt propter uigilias celebrandas Fiunt autem uigiliae in ecclesia in Bethleem in qua ecclesia spelunca est ubi natus est Dominus Alia die autem id est quinta feria quadragesimarum celebratur missa ordine suo ita ut et presbyteri et episcopus praedicent dicentes apte diei et loco et postmodum sera reuertuntur unusquisque in Ierusolima
Pere,/proiel/per-aeth.xml|58056,id est,Die autem quadragesimarum post pascha id est quinta feria pridie omnes post sexta id est quarta feria in Bethleem uadunt propter uigilias celebrandas Fiunt autem uigiliae in ecclesia in Bethleem in qua ecclesia spelunca est ubi natus est Dominus Alia die autem id est quinta feria quadragesimarum celebratur missa ordine suo ita ut et presbyteri et episcopus praedicent dicentes apte diei et loco et postmodum sera reuertuntur unusquisque in Ierusolima
Pere,/proiel/per-aeth.xml|58059,id est,Quinquagesimarum autem die id est dominica qua die maximus labor est populo aguntur omnia sic de pullo quidem primo iuxta consuetudinem
Pere,/proiel/per-aeth.xml|58060,id est,uigilatur in Anastase ut legat episcopus locum illum euangelii qui semper dominica die legitur id est resurrectionem Domini et postmodum sic ea aguntur in Anastase quae consuetudinaria sunt sicut toto anno
Pere,/proiel/per-aeth.xml|58061,id est,Cum autem mane factum fuerit procedit omnis populus in ecclesia maiore id est ad Martyrium
Pere,/proiel/per-aeth.xml|64315,id est,aguntur omnia legitima id est offertur iuxta consuetudinem qua dominica die consueuit fieri sed eadem adceleratur missa in Martyrium ut ante hora tertia fiat
Pere,/proiel/per-aeth.xml|58064,alia modo ecclesia est,Nam presbyteri de hoc ipsud quod lectum est quia ipse est locus in Syon alia modo ecclesia est ubi quondam post passionem Domini collecta erat multitudo cum apostolis qua hoc factum est ut superius  diximus legunt ibi de actibus apostolorum 
Pere,/proiel/per-aeth.xml|58064,ut superius diximus ,Nam presbyteri de hoc ipsud quod lectum est quia ipse est locus in Syon alia modo ecclesia est ubi quondam post passionem Domini collecta erat multitudo cum apostolis qua hoc factum est ut superius  diximus legunt ibi de actibus apostolorum 
Pere,/proiel/per-aeth.xml|58067,id est,Reuertitur ergo omnis populus unusquisque in domum suam resumere se et statim post prandium ascenditur mons Oliueti id est in Eleona unusquisque quomodo  potest ita ut nullus Christianorum remaneat in ciuitate qui non omnes uadent  
Pere,/proiel/per-aeth.xml|58068,id est,Quemadmodum ergo subitum fuerit in monte Oliueti id est in Eleona primum itur in Imbomon id est in eo loco unde ascendit Dominus in caelis et ibi sedet episcopus et presbyteri sedet omnis populus leguntur ibi lectiones dicuntur interpositi ymni dicuntur et antiphonae aptae diei ipsi et loco orationes etiam quae interponuntur semper tales pronuntiationes habent ut et diei et loco conueniunt
Pere,/proiel/per-aeth.xml|58068,id est,Quemadmodum ergo subitum fuerit in monte Oliueti id est in Eleona primum itur in Imbomon id est in eo loco unde ascendit Dominus in caelis et ibi sedet episcopus et presbyteri sedet omnis populus leguntur ibi lectiones dicuntur interpositi ymni dicuntur et antiphonae aptae diei ipsi et loco orationes etiam quae interponuntur semper tales pronuntiationes habent ut et diei et loco conueniunt
Pere,/proiel/per-aeth.xml|58070,id est,Cum autem hoc factum fuerit benedicuntur cathecumini sic fideles et hora iam nona descenditur inde et cum ymnis itur ad illam ecclesiam quae et ipsa in Eleona est id est in qua spelunca sedens docebat Dominus apostolos 
Pere,/proiel/per-aeth.xml|58074,id est,De porta autem quoniam satis est usque ad ecclesia maiore id est ad Martirium porro hora noctis forsitan secunda peruenitur quia lente et lente itur totum pro populo ne fatigentur pedibus
Pere,/proiel/per-aeth.xml|58083,id est,Etiam postmodum ceteris diebus ita singula aguntur ut toto anno id est ut semper de pullo primo ad Anastase uigiletur
Pere,/proiel/per-aeth.xml|58091,id est,Cum autem annotauerit omnium nomina presbyter postmodum alia die de quadragesimis id est qua inchoantur octo ebdomadae ponitur episcopo cathedra media ecclesia maiore id est ad Martyrium sedent hinc et inde presbyteri in cathedris et stant clerici omnes
Pere,/proiel/per-aeth.xml|58091,id est,Cum autem annotauerit omnium nomina presbyter postmodum alia die de quadragesimis id est qua inchoantur octo ebdomadae ponitur episcopo cathedra media ecclesia maiore id est ad Martyrium sedent hinc et inde presbyteri in cathedris et stant clerici omnes
Pere,/proiel/per-aeth.xml|58104,id est,Cathecuminus autem ibi non intrat tunc qua episcopus docet illos legem id est sic
Pere,/proiel/per-aeth.xml|58108,id est,Ac sic est ut in hisdem locis omnes fideles sequantur scripturas quando  leguntur in ecclesia quia omnes docentur per illos dies quadraginta id est ab hora prima usque ad horam tertiam quoniam per tres horas fit cathecisin
Pere,/proiel/per-aeth.xml|58111,id est,Octaua enim septimana quadragesimarum id est quae appellatur septimana maior iam non uacat eos doceri ut impleantur ea quae superius dicta sunt
Pere,/proiel/per-aeth.xml|58116,id est,uerba autem quae sunt misterii altioris id est ipsius baptismi quia adhuc cathecumini estis audire non  potestis
Pere,/proiel/per-aeth.xml|58119,id est,Post autem uenerint dies paschae per illos octo dies id est a pascha usque ad octauas quemadmodum missa facta fuerit de ecclesia et itur cum ymnis ad Anastase mox fit oratio benedicuntur fideles et stat episcopus incumbens in cancello interiore qui est in spelunca Anastasis et  exponet omnia quae aguntur in baptismo 
Pere,/proiel/per-aeth.xml|58127,id est,Sane quicumque hic latini sunt id est qui ne c siriste ne c grece nouerunt ne  contristentur et ipsis exponitur eis quia sunt alii fratres et sorores grecolatini qui latine exponunt eis
Pere,/proiel/per-aeth.xml|58129,id est,Item dies enceniarum appellantur quando sancta ecclesia quae in Golgotha est quam Martyrium  uocant consecrata est Deo sed et sancta ecclesia quae est ad Anastase id est in eo loco ubi Dominus resurrexit post passionem ea die et ipsa consecrata est Deo
Pere,/proiel/per-aeth.xml|58134,id est,Nam ante plurimos dies incipiunt se undique colligere turbae non solum monachorum uel aputactitum de diuersis prouinciis id est tam de Mesopotamia uel Syria uel de Egypto aut Thebaida ubi plurimi monazontes sunt sed et de diuersis omnibus locis uel prouinciis
Pere,/proiel/per-aeth.xml|58140,id est,Item tertia die in Eleona id est in ecclesia quae est in ipso monte a quo ascendit Dominus in caelis post passionem intra qua ecclesia est spelunca illa in qua docebat Dominus apostolos in monte Oliueti 